raw_name,canonical_name,method,confidence,source_url,timestamp
Semantics3,Semantics3,unmatched-new,0.0,https://www.ycombinator.com/companies/semantics3,2026-09-04T11:45:54.832774
SalesSift,SalesSift,unmatched-new,0.0,https://www.ycombinator.com/companies/salessift,2026-09-04T11:45:54.826693
Cruise,Cruise,unmatched-new,0.0,https://www.ycombinator.com/companies/cruise,2026-09-04T11:45:54.834689
Tule,Tule,unmatched-new,0.0,https://www.ycombinator.com/companies/tule,2026-09-04T11:45:54.827688
Sift,Sift,unmatched-new,0.0,https://www.ycombinator.com/companies/sift,2026-09-04T11:45:54.811442
20n,20n,unmatched-new,0.0,https://www.ycombinator.com/companies/20n,2026-09-04T11:45:54.901564
Casetext,Casetext,unmatched-new,0.0,https://www.ycombinator.com/companies/casetext,2026-09-04T11:45:54.817647
OpenCurriculum,OpenCurriculum,unmatched-new,0.0,https://www.ycombinator.com/companies/opencurriculum,2026-09-04T11:45:54.823777
Magic,Magic,exact,100.0,https://www.ycombinator.com/companies/magic,2026-09-04T11:45:54.926552
Zeitview,Zeitview,unmatched-new,0.0,https://www.ycombinator.com/companies/zeitview,2026-09-04T11:45:54.937020
MixerBox,MixerBox,unmatched-new,0.0,https://www.ycombinator.com/companies/mixerbox,2026-09-04T11:45:54.824709
Pachyderm,Pachyderm,unmatched-new,0.0,https://www.ycombinator.com/companies/pachyderm,2026-09-04T11:45:54.952019
Akido Labs,Akido Labs,unmatched-new,0.0,https://www.ycombinator.com/companies/akido-labs,2026-09-04T11:45:54.915553
Paperspace,Paperspace,unmatched-new,0.0,https://www.ycombinator.com/companies/paperspace,2026-09-04T11:45:54.965353
Checkr,Checkr,unmatched-new,0.0,https://www.ycombinator.com/companies/checkr,2026-09-04T11:45:54.839687
Marft,Marft,unmatched-new,0.0,https://www.ycombinator.com/companies/marft,2026-09-04T11:45:54.808169
Tempo,Tempo,unmatched-new,0.0,https://www.ycombinator.com/companies/tempo,2026-09-04T11:45:55.001557
Resolve,Resolve,unmatched-new,0.0,https://www.ycombinator.com/companies/resolve,2026-09-04T11:45:55.020930
Yhat,Yhat,unmatched-new,0.0,https://www.ycombinator.com/companies/yhat,2026-09-04T11:45:55.024933
SigOpt,SigOpt,unmatched-new,0.0,https://www.ycombinator.com/companies/sigopt,2026-09-04T11:45:55.047023
Dabble,Dabble,unmatched-new,0.0,https://www.ycombinator.com/companies/dabble,2026-09-04T11:45:55.037938
Standard Cyborg,Standard Cyborg,unmatched-new,0.0,https://www.ycombinator.com/companies/standard-cyborg,2026-09-04T11:45:55.069023
Tara AI,Tara AI,unmatched-new,0.0,https://www.ycombinator.com/companies/tara-ai,2026-09-04T11:45:55.081050
Mashgin,Mashgin,unmatched-new,0.0,https://www.ycombinator.com/companies/mashgin,2026-09-04T11:45:55.096175
Replika,Replika,unmatched-new,0.0,https://www.ycombinator.com/companies/replika,2026-09-04T11:45:55.078050
ROSS Intelligence,ROSS Intelligence,unmatched-new,0.0,https://www.ycombinator.com/companies/ross-intelligence,2026-09-04T11:45:55.115987
SnapMagic,SnapMagic,unmatched-new,0.0,https://www.ycombinator.com/companies/snapmagic,2026-09-04T11:45:55.126988
Microhealth,Microhealth,unmatched-new,0.0,https://www.ycombinator.com/companies/microhealth,2026-09-04T11:45:55.136993
Reduced Energy Microsystems,Reduced Energy Microsystems,unmatched-new,0.0,https://www.ycombinator.com/companies/reduced-energy-microsystems,2026-09-04T11:45:55.148986
iSono Health,iSono Health,unmatched-new,0.0,https://www.ycombinator.com/companies/isono-health,2026-09-04T11:45:55.173012
Deepgram,Deepgram,unmatched-new,0.0,https://www.ycombinator.com/companies/deepgram,2026-09-04T11:45:55.179993
Daily,Daily,unmatched-new,0.0,https://www.ycombinator.com/companies/daily,2026-09-04T11:45:55.197935
Pulpix,Pulpix,unmatched-new,0.0,https://www.ycombinator.com/companies/pulpix,2026-09-04T11:45:55.219935
Netomi,Netomi,unmatched-new,0.0,https://www.ycombinator.com/companies/netomi,2026-09-04T11:45:55.240974
Algoriz,Algoriz,unmatched-new,0.0,https://www.ycombinator.com/companies/algoriz,2026-09-04T11:45:55.209937
Podium,Podium,unmatched-new,0.0,https://www.ycombinator.com/companies/podium,2026-09-04T11:45:55.271714
Revl,Revl,unmatched-new,0.0,https://www.ycombinator.com/companies/revl,2026-09-04T11:45:55.230942
AgileMD,AgileMD,unmatched-new,0.0,https://www.ycombinator.com/companies/agilemd,2026-09-04T11:45:54.802250
Gecko Robotics,Gecko Robotics,unmatched-new,0.0,https://www.ycombinator.com/companies/gecko-robotics,2026-09-04T11:45:55.285726
Caper,Caper,unmatched-new,0.0,https://www.ycombinator.com/companies/caper,2026-09-04T11:45:55.318561
Superside,Superside,unmatched-new,0.0,https://www.ycombinator.com/companies/superside,2026-09-04T11:45:55.258714
HistoWiz,HistoWiz,unmatched-new,0.0,https://www.ycombinator.com/companies/histowiz,2026-09-04T11:45:55.296571
Sendbird,Sendbird,unmatched-new,0.0,https://www.ycombinator.com/companies/sendbird,2026-09-04T11:45:55.331927
Relativity Space,Relativity Space,unmatched-new,0.0,https://www.ycombinator.com/companies/relativity-space,2026-09-04T11:45:55.355735
Farmstead,Farmstead,unmatched-new,0.0,https://www.ycombinator.com/companies/farmstead,2026-09-04T11:45:55.382786
Nova,Nova,unmatched-new,0.0,https://www.ycombinator.com/companies/nova,2026-09-04T11:45:55.366515
Iris Automation,Iris Automation,unmatched-new,0.0,https://www.ycombinator.com/companies/iris-automation,2026-09-04T11:45:55.397310
OneChronos,OneChronos,unmatched-new,0.0,https://www.ycombinator.com/companies/onechronos,2026-09-04T11:45:55.405310
garten,garten,unmatched-new,0.0,https://www.ycombinator.com/companies/garten,2026-09-04T11:45:55.443077
NeoWize,NeoWize,unmatched-new,0.0,https://www.ycombinator.com/companies/neowize,2026-09-04T11:45:55.445105
Airo Health,Airo Health,unmatched-new,0.0,https://www.ycombinator.com/companies/airo-health,2026-09-04T11:45:55.450919
Sway Finance,Sway Finance,unmatched-new,0.0,https://www.ycombinator.com/companies/sway-finance,2026-09-04T11:45:55.412310
Synvivia,Synvivia,unmatched-new,0.0,https://www.ycombinator.com/companies/synvivia,2026-09-04T11:45:55.464158
Athelas,Athelas,unmatched-new,0.0,https://www.ycombinator.com/companies/athelas,2026-09-04T11:45:55.520593
CrowdAI,CrowdAI,unmatched-new,0.0,https://www.ycombinator.com/companies/crowdai,2026-09-04T11:45:55.530595
Miso,Miso,unmatched-new,0.0,https://www.ycombinator.com/companies/miso,2026-09-04T11:45:55.521601
Scale AI,Scale AI,exact,100.0,https://www.ycombinator.com/companies/scale-ai,2026-09-04T11:45:55.546593
Seerslab,Seerslab,unmatched-new,0.0,https://www.ycombinator.com/companies/seerslab,2026-09-04T11:45:55.489184
Saleswhale,Saleswhale,unmatched-new,0.0,https://www.ycombinator.com/companies/saleswhale,2026-09-04T11:45:55.552593
People.ai,People.ai,unmatched-new,0.0,https://www.ycombinator.com/companies/people-ai,2026-09-04T11:45:55.558598
Speak,Speak,exact,100.0,https://www.ycombinator.com/companies/speak,2026-09-04T11:45:55.592122
Voiceops,Voiceops,unmatched-new,0.0,https://www.ycombinator.com/companies/voiceops,2026-09-04T11:45:55.582604
Cowlar,Cowlar,unmatched-new,0.0,https://www.ycombinator.com/companies/cowlar,2026-09-04T11:45:55.611354
Scribe,Scribe,unmatched-new,0.0,https://www.ycombinator.com/companies/scribe,2026-09-04T11:45:55.624356
Pit.AI,Pit.AI,unmatched-new,0.0,https://www.ycombinator.com/companies/pit-ai,2026-09-04T11:45:55.638376
Bountiful,Bountiful,unmatched-new,0.0,https://www.ycombinator.com/companies/bountiful,2026-09-04T11:45:55.614353
Entry,Entry,unmatched-new,0.0,https://www.ycombinator.com/companies/entry,2026-09-04T11:45:55.665287
Ambient.ai,Ambient.ai,unmatched-new,0.0,https://www.ycombinator.com/companies/ambient-ai,2026-09-04T11:45:55.683318
Penny,Penny,unmatched-new,0.0,https://www.ycombinator.com/companies/penny,2026-09-04T11:45:55.701373
RankScience,RankScience,unmatched-new,0.0,https://www.ycombinator.com/companies/rankscience,2026-09-04T11:45:55.670267
"Veryfi, Inc.","Veryfi, Inc.",unmatched-new,0.0,https://www.ycombinator.com/companies/veryfi-inc,2026-09-04T11:45:55.725869
AlemHealth,AlemHealth,unmatched-new,0.0,https://www.ycombinator.com/companies/alemhealth,2026-09-04T11:45:55.722876
Tetra,Tetra,unmatched-new,0.0,https://www.ycombinator.com/companies/tetra,2026-09-04T11:45:55.748864
FloydHub,FloydHub,unmatched-new,0.0,https://www.ycombinator.com/companies/floydhub,2026-09-04T11:45:55.761863
NanoNets,NanoNets,unmatched-new,0.0,https://www.ycombinator.com/companies/nanonets,2026-09-04T11:45:55.784980
BIOS Health,BIOS Health,unmatched-new,0.0,https://www.ycombinator.com/companies/bios-health,2026-09-04T11:45:55.787980
Ridecell,Ridecell,unmatched-new,0.0,https://www.ycombinator.com/companies/ridecell,2026-09-04T11:45:55.819073
Helix Nanotechnologies,Helix Nanotechnologies,unmatched-new,0.0,https://www.ycombinator.com/companies/helix-nanotechnologies,2026-09-04T11:45:55.849528
Bicycle AI,Bicycle AI,unmatched-new,0.0,https://www.ycombinator.com/companies/bicycle-ai,2026-09-04T11:45:55.792499
ScopeAI,ScopeAI,unmatched-new,0.0,https://www.ycombinator.com/companies/scopeai,2026-09-04T11:45:55.865989
MDalgorithms Inc.,MDalgorithms Inc.,unmatched-new,0.0,https://www.ycombinator.com/companies/mdalgorithms-inc,2026-09-04T11:45:55.651345
Skyways,Skyways,unmatched-new,0.0,https://www.ycombinator.com/companies/skyways,2026-09-04T11:45:55.895623
VergeSense,VergeSense,unmatched-new,0.0,https://www.ycombinator.com/companies/vergesense,2026-09-04T11:45:55.929904
Standard AI,Standard AI,unmatched-new,0.0,https://www.ycombinator.com/companies/standard-ai,2026-09-04T11:45:55.930902
JustSpotted,JustSpotted,unmatched-new,0.0,https://www.ycombinator.com/companies/justspotted,2026-09-04T11:45:54.835707
Nimble,Nimble,unmatched-new,0.0,https://www.ycombinator.com/companies/nimble,2026-09-04T11:45:55.936118
Theorem,Theorem,unmatched-new,0.0,https://www.ycombinator.com/companies/theorem,2026-09-04T11:45:54.821680
Darmiyan,Darmiyan,unmatched-new,0.0,https://www.ycombinator.com/companies/darmiyan,2026-09-04T11:45:55.959136
Flock Safety,Flock Safety,unmatched-new,0.0,https://www.ycombinator.com/companies/flock-safety,2026-09-04T11:45:55.954127
Mystro,Mystro,unmatched-new,0.0,https://www.ycombinator.com/companies/mystro,2026-09-04T11:45:55.972665
Smarking,Smarking,unmatched-new,0.0,https://www.ycombinator.com/companies/smarking,2026-09-04T11:45:54.977893
Cairns Health,Cairns Health,unmatched-new,0.0,https://www.ycombinator.com/companies/cairns-health,2026-09-04T11:45:56.020958
Sourceress,Sourceress,unmatched-new,0.0,https://www.ycombinator.com/companies/sourceress,2026-09-04T11:45:56.066272
Opearlo,Opearlo,unmatched-new,0.0,https://www.ycombinator.com/companies/opearlo,2026-09-04T11:45:56.076269
Spect,Spect,unmatched-new,0.0,https://www.ycombinator.com/companies/spect,2026-09-04T11:45:56.027968
Headstart,Headstart,unmatched-new,0.0,https://www.ycombinator.com/companies/headstart,2026-09-04T11:45:56.092887
Percept.AI,Percept.AI,unmatched-new,0.0,https://www.ycombinator.com/companies/percept-ai,2026-09-04T11:45:56.052744
May Mobility,May Mobility,unmatched-new,0.0,https://www.ycombinator.com/companies/may-mobility,2026-09-04T11:45:56.106188
Commissary Club (formerly 70 Million Jobs),Commissary Club (formerly 70 Million Jobs),unmatched-new,0.0,https://www.ycombinator.com/companies/commissary-club,2026-09-04T11:45:56.145186
AssemblyAI,AssemblyAI,unmatched-new,0.0,https://www.ycombinator.com/companies/assemblyai,2026-09-04T11:45:56.142185
10 By 10,10 By 10,unmatched-new,0.0,https://www.ycombinator.com/companies/10-by-10,2026-09-04T11:45:56.181218
Lyrebird,Lyrebird,unmatched-new,0.0,https://www.ycombinator.com/companies/lyrebird,2026-09-04T11:45:56.153185
Thematic,Thematic,unmatched-new,0.0,https://www.ycombinator.com/companies/thematic,2026-09-04T11:45:56.191744
Social Construct,Social Construct,unmatched-new,0.0,https://www.ycombinator.com/companies/social-construct,2026-09-04T11:45:56.169208
FollowUpThen,FollowUpThen,unmatched-new,0.0,https://www.ycombinator.com/companies/followupthen,2026-09-04T11:45:56.207260
Proven Group,Proven Group,unmatched-new,0.0,https://www.ycombinator.com/companies/proven-group,2026-09-04T11:45:56.228282
Spellbrush,Spellbrush,unmatched-new,0.0,https://www.ycombinator.com/companies/spellbrush,2026-09-04T11:45:56.264461
Precious,Precious,unmatched-new,0.0,https://www.ycombinator.com/companies/precious,2026-09-04T11:45:56.268470
Jasper.ai,Jasper,alias,100.0,https://www.ycombinator.com/companies/jasper-ai,2026-09-04T11:45:56.284570
Assembly,Assembly,unmatched-new,0.0,https://www.ycombinator.com/companies/assembly-com,2026-09-04T11:45:56.300086
Observant AI,Observant AI,unmatched-new,0.0,https://www.ycombinator.com/companies/observant-ai,2026-09-04T11:45:56.307085
Fondo,Fondo,unmatched-new,0.0,https://www.ycombinator.com/companies/fondo,2026-09-04T11:45:56.319119
Promise,Promise,unmatched-new,0.0,https://www.ycombinator.com/companies/promise,2026-09-04T11:45:56.339160
Reverie Labs,Reverie Labs,unmatched-new,0.0,https://www.ycombinator.com/companies/reverie-labs,2026-09-04T11:45:56.345164
Semantix,Semantix,unmatched-new,0.0,https://www.ycombinator.com/companies/semantix,2026-09-04T11:45:55.985676
Nuvocargo,Nuvocargo,unmatched-new,0.0,https://www.ycombinator.com/companies/nuvocargo,2026-09-04T11:45:56.352166
Edwin,Edwin,unmatched-new,0.0,https://www.ycombinator.com/companies/edwin,2026-09-04T11:45:56.367436
PicnicAI,PicnicAI,unmatched-new,0.0,https://www.ycombinator.com/companies/picnicai,2026-09-04T11:45:54.838688
Vathys,Vathys,unmatched-new,0.0,https://www.ycombinator.com/companies/vathys,2026-09-04T11:45:56.406192
Naborly,Naborly,unmatched-new,0.0,https://www.ycombinator.com/companies/naborly,2026-09-04T11:45:56.410482
Cognition IP,Cognition IP,unmatched-new,0.0,https://www.ycombinator.com/companies/cognition-ip,2026-09-04T11:45:56.380673
Weekend (fmr. Volley),Weekend (fmr. Volley),unmatched-new,0.0,https://www.ycombinator.com/companies/weekend-fmr-volley,2026-09-04T11:45:56.432493
SharpestMinds,SharpestMinds,unmatched-new,0.0,https://www.ycombinator.com/companies/sharpestminds,2026-09-04T11:45:56.445500
Tilt (f.k.a. Delphia),Tilt (f.k.a. Delphia),unmatched-new,0.0,https://www.ycombinator.com/companies/tilt-fka-delphia,2026-09-04T11:45:56.453433
Memora Health,Memora Health,unmatched-new,0.0,https://www.ycombinator.com/companies/memora-health,2026-09-04T11:45:56.479286
Voicery,Voicery,unmatched-new,0.0,https://www.ycombinator.com/companies/voicery,2026-09-04T11:45:56.495436
Orangewood Labs,Orangewood Labs,unmatched-new,0.0,https://www.ycombinator.com/companies/orangewood-labs,2026-09-04T11:45:56.460510
Point API,Point API,unmatched-new,0.0,https://www.ycombinator.com/companies/point-api,2026-09-04T11:45:56.500437
Observe.AI,Observe.AI,unmatched-new,0.0,https://www.ycombinator.com/companies/observe-ai,2026-09-04T11:45:56.514435
Jido Maps,Jido Maps,unmatched-new,0.0,https://www.ycombinator.com/companies/jido-maps,2026-09-04T11:45:56.519437
LeadGenius,LeadGenius,unmatched-new,0.0,https://www.ycombinator.com/companies/leadgenius,2026-09-04T11:45:54.812450
Helloverify,Helloverify,unmatched-new,0.0,https://www.ycombinator.com/companies/helloverify,2026-09-04T11:45:56.533439
Swayable,Swayable,unmatched-new,0.0,https://www.ycombinator.com/companies/swayable,2026-09-04T11:45:56.564437
OWNY,OWNY,unmatched-new,0.0,https://www.ycombinator.com/companies/owny,2026-09-04T11:45:56.574437
Within,Within,unmatched-new,0.0,https://www.ycombinator.com/companies/within,2026-09-04T11:45:56.582444
Phiar,Phiar,unmatched-new,0.0,https://www.ycombinator.com/companies/phiar,2026-09-04T11:45:56.559439
Searchlight,Searchlight,unmatched-new,0.0,https://www.ycombinator.com/companies/searchlight,2026-09-04T11:45:56.601993
Activeloop,Activeloop,unmatched-new,0.0,https://www.ycombinator.com/companies/activeloop,2026-09-04T11:45:56.608408
"numericcal, inc.","numericcal, inc.",unmatched-new,0.0,https://www.ycombinator.com/companies/numericcal-inc,2026-09-04T11:45:56.595958
JITX,JITX,unmatched-new,0.0,https://www.ycombinator.com/companies/jitx,2026-09-04T11:45:56.657423
Data Driven Bioscience,Data Driven Bioscience,unmatched-new,0.0,https://www.ycombinator.com/companies/data-driven-bioscience,2026-09-04T11:45:56.619417
64x Bio,64x Bio,unmatched-new,0.0,https://www.ycombinator.com/companies/64x-bio,2026-09-04T11:45:56.671436
Inscribe,Inscribe,unmatched-new,0.0,https://www.ycombinator.com/companies/inscribe,2026-09-04T11:45:56.637441
Anima App,Anima App,unmatched-new,0.0,https://www.ycombinator.com/companies/anima-app,2026-09-04T11:45:56.682447
LabelFlow,LabelFlow,unmatched-new,0.0,https://www.ycombinator.com/companies/labelflow,2026-09-04T11:45:56.688364
Regology,Regology,unmatched-new,0.0,https://www.ycombinator.com/companies/regology,2026-09-04T11:45:56.751862
Alpha Vantage,Alpha Vantage,unmatched-new,0.0,https://www.ycombinator.com/companies/alpha-vantage,2026-09-04T11:45:56.798533
Quickchat AI,Quickchat AI,unmatched-new,0.0,https://www.ycombinator.com/companies/quickchat-ai,2026-09-04T11:45:56.755024
Shelf Engine,Shelf Engine,unmatched-new,0.0,https://www.ycombinator.com/companies/shelf-engine,2026-09-04T11:45:56.843533
BrainHi,BrainHi,unmatched-new,0.0,https://www.ycombinator.com/companies/brainhi,2026-09-04T11:45:56.861719
Mutiny,Mutiny,unmatched-new,0.0,https://www.ycombinator.com/companies/mutiny,2026-09-04T11:45:56.872744
Leena AI,Leena AI,unmatched-new,0.0,https://www.ycombinator.com/companies/leena-ai,2026-09-04T11:45:56.882728
TENDERD,TENDERD,unmatched-new,0.0,https://www.ycombinator.com/companies/tenderd,2026-09-04T11:45:56.830530
LemonBox,LemonBox,unmatched-new,0.0,https://www.ycombinator.com/companies/lemonbox,2026-09-04T11:45:56.917220
SPATE,SPATE,unmatched-new,0.0,https://www.ycombinator.com/companies/spate,2026-09-04T11:45:56.924227
iLabService,iLabService,unmatched-new,0.0,https://www.ycombinator.com/companies/ilabservice,2026-09-04T11:45:56.936223
Aesthetic,Aesthetic,unmatched-new,0.0,https://www.ycombinator.com/companies/aesthetic,2026-09-04T11:45:56.946221
Prodigal,Prodigal,unmatched-new,0.0,https://www.ycombinator.com/companies/prodigal,2026-09-04T11:45:56.809529
Kunduz,Kunduz,unmatched-new,0.0,https://www.ycombinator.com/companies/kunduz,2026-09-04T11:45:56.987845
Overview,Overview,unmatched-new,0.0,https://www.ycombinator.com/companies/overview,2026-09-04T11:45:57.002954
Centaur,Centaur,unmatched-new,0.0,https://www.ycombinator.com/companies/centaur,2026-09-04T11:45:57.029316
Pachama,Pachama,unmatched-new,0.0,https://www.ycombinator.com/companies/pachama,2026-09-04T11:45:57.022949
AllSome Fulfillment,AllSome Fulfillment,unmatched-new,0.0,https://www.ycombinator.com/companies/allsome-fulfillment,2026-09-04T11:45:57.023950
Windsor,Windsor,unmatched-new,0.0,https://www.ycombinator.com/companies/windsor,2026-09-04T11:45:57.041318
Qventus,Qventus,unmatched-new,0.0,https://www.ycombinator.com/companies/qventus,2026-09-04T11:45:54.830764
Hatch,Hatch,unmatched-new,0.0,https://www.ycombinator.com/companies/hatch,2026-09-04T11:45:57.055327
Flockjay,Flockjay,unmatched-new,0.0,https://www.ycombinator.com/companies/flockjay,2026-09-04T11:45:57.021951
Weave,Weave,unmatched-new,0.0,https://www.ycombinator.com/companies/weave-2,2026-09-04T11:45:54.829693
Tailornova/Couturme,Tailornova/Couturme,unmatched-new,0.0,https://www.ycombinator.com/companies/tailornova-couturme,2026-09-04T11:45:57.112153
BrainKey,BrainKey,unmatched-new,0.0,https://www.ycombinator.com/companies/brainkey,2026-09-04T11:45:57.074096
Community Phone Company,Community Phone Company,unmatched-new,0.0,https://www.ycombinator.com/companies/community-phone-company,2026-09-04T11:45:57.114062
Sapling.ai,Sapling.ai,unmatched-new,0.0,https://www.ycombinator.com/companies/sapling-ai,2026-09-04T11:45:57.148060
Basilica,Basilica,unmatched-new,0.0,https://www.ycombinator.com/companies/basilica,2026-09-04T11:45:57.150060
Demodesk,Demodesk,unmatched-new,0.0,https://www.ycombinator.com/companies/demodesk,2026-09-04T11:45:57.173066
AI Insurance,AI Insurance,unmatched-new,0.0,https://www.ycombinator.com/companies/ai-insurance,2026-09-04T11:45:57.181070
Evo.Do,Evo.Do,unmatched-new,0.0,https://www.ycombinator.com/companies/evo-do,2026-09-04T11:45:57.193069
Docucharm,Docucharm,unmatched-new,0.0,https://www.ycombinator.com/companies/docucharm,2026-09-04T11:45:57.214819
Askdata,Askdata,unmatched-new,0.0,https://www.ycombinator.com/companies/askdata,2026-09-04T11:45:57.235024
Superorder,Superorder,unmatched-new,0.0,https://www.ycombinator.com/companies/superorder,2026-09-04T11:45:57.246028
Bunkerhill Health,Bunkerhill Health,unmatched-new,0.0,https://www.ycombinator.com/companies/bunkerhill-health,2026-09-04T11:45:57.255033
Autodial prev Qwest,Autodial prev Qwest,unmatched-new,0.0,https://www.ycombinator.com/companies/autodial-prev-qwest,2026-09-04T11:45:57.265845
Plivo,Plivo,unmatched-new,0.0,https://www.ycombinator.com/companies/plivo,2026-09-04T11:45:54.814533
Probably Genetic,Probably Genetic,unmatched-new,0.0,https://www.ycombinator.com/companies/probably-genetic,2026-09-04T11:45:57.253033
Hypnos,Hypnos,unmatched-new,0.0,https://www.ycombinator.com/companies/hypnos,2026-09-04T11:45:57.272846
Superb AI,Superb AI,unmatched-new,0.0,https://www.ycombinator.com/companies/superb-ai,2026-09-04T11:45:57.279856
Mars Auto,Mars Auto,unmatched-new,0.0,https://www.ycombinator.com/companies/mars-auto,2026-09-04T11:45:57.348481
Glide,Glide,unmatched-new,0.0,https://www.ycombinator.com/companies/glide,2026-09-04T11:45:57.290852
Tailor-ED,Tailor-ED,unmatched-new,0.0,https://www.ycombinator.com/companies/tailor-ed,2026-09-04T11:45:57.357486
Sublime Black,Sublime Black,unmatched-new,0.0,https://www.ycombinator.com/companies/sublime-black,2026-09-04T11:45:57.349485
AXDRAFT,AXDRAFT,unmatched-new,0.0,https://www.ycombinator.com/companies/axdraft,2026-09-04T11:45:57.310761
Playground,Playground,unmatched-new,0.0,https://www.ycombinator.com/companies/playground,2026-09-04T11:45:57.398567
Allure Systems,Allure Systems,unmatched-new,0.0,https://www.ycombinator.com/companies/allure-systems,2026-09-04T11:45:57.364481
Spiral Genetics,Spiral Genetics,unmatched-new,0.0,https://www.ycombinator.com/companies/spiral-genetics,2026-09-04T11:45:57.375480
Palifer,Palifer,unmatched-new,0.0,https://www.ycombinator.com/companies/palifer,2026-09-04T11:45:57.416567
Figments,Figments,unmatched-new,0.0,https://www.ycombinator.com/companies/figments,2026-09-04T11:45:57.400567
Short Story,Short Story,unmatched-new,0.0,https://www.ycombinator.com/companies/short-story,2026-09-04T11:45:57.465322
"OutRival, Inc.","OutRival, Inc.",unmatched-new,0.0,https://www.ycombinator.com/companies/outrival-inc,2026-09-04T11:45:57.368488
Well Principled,Well Principled,unmatched-new,0.0,https://www.ycombinator.com/companies/well-principled,2026-09-04T11:45:57.452800
TRM Labs,TRM Labs,unmatched-new,0.0,https://www.ycombinator.com/companies/trm-labs,2026-09-04T11:45:57.478322
Symplex,Symplex,unmatched-new,0.0,https://www.ycombinator.com/companies/symplex,2026-09-04T11:45:57.442445
Kraftful,Kraftful,unmatched-new,0.0,https://www.ycombinator.com/companies/kraftful,2026-09-04T11:45:57.453800
Lantern,Lantern,unmatched-new,0.0,https://www.ycombinator.com/companies/lantern,2026-09-04T11:45:57.496589
Soteris,Soteris,unmatched-new,0.0,https://www.ycombinator.com/companies/soteris,2026-09-04T11:45:57.488328
Dashblock,Dashblock,unmatched-new,0.0,https://www.ycombinator.com/companies/dashblock,2026-09-04T11:45:57.513587
ZETA SURGICAL,ZETA SURGICAL,unmatched-new,0.0,https://www.ycombinator.com/companies/zeta-surgical,2026-09-04T11:45:57.556090
Shiru,Shiru,unmatched-new,0.0,https://www.ycombinator.com/companies/shiru,2026-09-04T11:45:57.394642
GEn1E Lifesciences,GEn1E Lifesciences,unmatched-new,0.0,https://www.ycombinator.com/companies/gen1e-lifesciences,2026-09-04T11:45:57.526588
Yummy Future,Yummy Future,unmatched-new,0.0,https://www.ycombinator.com/companies/yummy-future,2026-09-04T11:45:57.541586
Embrace,Embrace,unmatched-new,0.0,https://www.ycombinator.com/companies/embrace,2026-09-04T11:45:57.535586
Chaos Genius,Chaos Genius,unmatched-new,0.0,https://www.ycombinator.com/companies/chaos-genius,2026-09-04T11:45:57.593161
Rosebud AI,Rosebud AI,unmatched-new,0.0,https://www.ycombinator.com/companies/rosebud-ai,2026-09-04T11:45:57.584152
Milo,Milo,unmatched-new,0.0,https://www.ycombinator.com/companies/milo,2026-09-04T11:45:57.571088
Ramen VR,Ramen VR,unmatched-new,0.0,https://www.ycombinator.com/companies/ramen-vr,2026-09-04T11:45:57.650525
Hightouch,Hightouch,unmatched-new,0.0,https://www.ycombinator.com/companies/hightouch,2026-09-04T11:45:57.670051
Rain Neuromorphics,Rain Neuromorphics,unmatched-new,0.0,https://www.ycombinator.com/companies/rain-neuromorphics,2026-09-04T11:45:56.791014
PredictLeads,PredictLeads,unmatched-new,0.0,https://www.ycombinator.com/companies/predictleads,2026-09-04T11:45:57.678058
Traces,Traces,unmatched-new,0.0,https://www.ycombinator.com/companies/traces,2026-09-04T11:45:57.681449
Flowbot,Flowbot,unmatched-new,0.0,https://www.ycombinator.com/companies/flowbot,2026-09-04T11:45:57.701522
Plasticity,Plasticity,unmatched-new,0.0,https://www.ycombinator.com/companies/plasticity,2026-09-04T11:45:56.005947
Taskade,Taskade,unmatched-new,0.0,https://www.ycombinator.com/companies/taskade,2026-09-04T11:45:57.737042
Meridian Industries,Meridian Industries,unmatched-new,0.0,https://www.ycombinator.com/companies/meridian-industries,2026-09-04T11:45:57.729043
Motion,Motion,unmatched-new,0.0,https://www.ycombinator.com/companies/motion,2026-09-04T11:45:57.752553
Deepnote,Deepnote,unmatched-new,0.0,https://www.ycombinator.com/companies/deepnote,2026-09-04T11:45:57.717043
Flowglad,Flowglad,unmatched-new,0.0,https://www.ycombinator.com/companies/flowglad,2026-09-04T11:45:57.773625
Abalone Bio,Abalone Bio,unmatched-new,0.0,https://www.ycombinator.com/companies/abalone-bio,2026-09-04T11:45:57.796181
StratumAI,StratumAI,unmatched-new,0.0,https://www.ycombinator.com/companies/stratumai,2026-09-04T11:45:57.807722
Vahan,Vahan,unmatched-new,0.0,https://www.ycombinator.com/companies/vahan,2026-09-04T11:45:57.618074
MindsDB,MindsDB,unmatched-new,0.0,https://www.ycombinator.com/companies/mindsdb,2026-09-04T11:45:57.805717
Letterdrop,Letterdrop,unmatched-new,0.0,https://www.ycombinator.com/companies/letterdrop,2026-09-04T11:45:57.837243
Segmed,Segmed,unmatched-new,0.0,https://www.ycombinator.com/companies/segmed,2026-09-04T11:45:57.831244
Finlens,Finlens,unmatched-new,0.0,https://www.ycombinator.com/companies/finlens,2026-09-04T11:45:57.627076
Phonic,Phonic,unmatched-new,0.0,https://www.ycombinator.com/companies/phonic,2026-09-04T11:45:57.806720
Orbiter,Orbiter,unmatched-new,0.0,https://www.ycombinator.com/companies/orbiter,2026-09-04T11:45:57.856252
Taiv,Taiv,unmatched-new,0.0,https://www.ycombinator.com/companies/taiv,2026-09-04T11:45:57.843246
Glisten AI,Glisten AI,unmatched-new,0.0,https://www.ycombinator.com/companies/glisten-ai,2026-09-04T11:45:57.884798
FitnessAI,FitnessAI,unmatched-new,0.0,https://www.ycombinator.com/companies/fitnessai,2026-09-04T11:45:57.814229
Nextmv,Nextmv,unmatched-new,0.0,https://www.ycombinator.com/companies/nextmv,2026-09-04T11:45:57.923424
Ardis AI,Ardis AI,unmatched-new,0.0,https://www.ycombinator.com/companies/ardis-ai,2026-09-04T11:45:57.891798
Replicate,Replicate,exact,100.0,https://www.ycombinator.com/companies/replicate,2026-09-04T11:45:57.964443
Perceptive Technologies,Perceptive Technologies,unmatched-new,0.0,https://www.ycombinator.com/companies/perceptive-technologies,2026-09-04T11:45:57.899118
Clayboard,Clayboard,unmatched-new,0.0,https://www.ycombinator.com/companies/clayboard,2026-09-04T11:45:57.991242
Aden,Aden,unmatched-new,0.0,https://www.ycombinator.com/companies/aden,2026-09-04T11:45:57.947429
Visual One,Visual One,unmatched-new,0.0,https://www.ycombinator.com/companies/visual-one,2026-09-04T11:45:57.999926
Operator.io,Operator.io,unmatched-new,0.0,https://www.ycombinator.com/companies/operatorio,2026-09-04T11:45:58.024452
Scout,Scout,unmatched-new,0.0,https://www.ycombinator.com/companies/scout,2026-09-04T11:45:58.048576
Turing Labs Inc.,Turing Labs Inc.,unmatched-new,0.0,https://www.ycombinator.com/companies/turing-labs-inc,2026-09-04T11:45:58.060582
QueryPie AI,QueryPie AI,unmatched-new,0.0,https://www.ycombinator.com/companies/querypie-ai,2026-09-04T11:45:58.085104
Kinter,Kinter,unmatched-new,0.0,https://www.ycombinator.com/companies/kinter,2026-09-04T11:45:58.102682
Dashworks,Dashworks,unmatched-new,0.0,https://www.ycombinator.com/companies/dashworks,2026-09-04T11:45:57.952432
Basedash,Basedash,unmatched-new,0.0,https://www.ycombinator.com/companies/basedash,2026-09-04T11:45:57.982239
Typedream,Typedream,unmatched-new,0.0,https://www.ycombinator.com/companies/typedream,2026-09-04T11:45:58.119741
Trident Bioscience,Trident Bioscience,unmatched-new,0.0,https://www.ycombinator.com/companies/trident-bioscience,2026-09-04T11:45:58.128741
Dropbase,Dropbase,unmatched-new,0.0,https://www.ycombinator.com/companies/dropbase,2026-09-04T11:45:58.116706
Photoroom,Photoroom,unmatched-new,0.0,https://www.ycombinator.com/companies/photoroom,2026-09-04T11:45:58.141744
Datasaur,Datasaur,unmatched-new,0.0,https://www.ycombinator.com/companies/datasaur,2026-09-04T11:45:57.946433
Modernbanc,Modernbanc,unmatched-new,0.0,https://www.ycombinator.com/companies/modernbanc,2026-09-04T11:45:58.144739
Skypher,Skypher,unmatched-new,0.0,https://www.ycombinator.com/companies/skypher,2026-09-04T11:45:58.172831
Recurrency,Recurrency,unmatched-new,0.0,https://www.ycombinator.com/companies/recurrency,2026-09-04T11:45:58.187835
PostEra,PostEra,unmatched-new,0.0,https://www.ycombinator.com/companies/postera,2026-09-04T11:45:58.201378
UrbanKisaan,UrbanKisaan,unmatched-new,0.0,https://www.ycombinator.com/companies/urbankisaan,2026-09-04T11:45:58.229625
DeepSource,DeepSource,unmatched-new,0.0,https://www.ycombinator.com/companies/deepsource,2026-09-04T11:45:58.207615
PillarPlus,PillarPlus,unmatched-new,0.0,https://www.ycombinator.com/companies/pillarplus,2026-09-04T11:45:58.238622
Ello,Ello,unmatched-new,0.0,https://www.ycombinator.com/companies/ello,2026-09-04T11:45:58.067101
SprintAI,SprintAI,unmatched-new,0.0,https://www.ycombinator.com/companies/sprintai,2026-09-04T11:45:58.248634
Zumo Labs,Zumo Labs,unmatched-new,0.0,https://www.ycombinator.com/companies/zumo-labs,2026-09-04T11:45:58.255631
adyn,adyn,unmatched-new,0.0,https://www.ycombinator.com/companies/adyn,2026-09-04T11:45:58.270148
Handoff,Handoff,unmatched-new,0.0,https://www.ycombinator.com/companies/handoff,2026-09-04T11:45:57.909115
Overfit,Overfit,unmatched-new,0.0,https://www.ycombinator.com/companies/overfit,2026-09-04T11:45:58.277149
BeGo,BeGo,unmatched-new,0.0,https://www.ycombinator.com/companies/be-go,2026-09-04T11:45:58.299682
Recall.ai,Recall.ai,unmatched-new,0.0,https://www.ycombinator.com/companies/recall-ai,2026-09-04T11:45:58.317085
Oda,Oda,unmatched-new,0.0,https://www.ycombinator.com/companies/oda,2026-09-04T11:45:58.288183
Atmo,Atmo,unmatched-new,0.0,https://www.ycombinator.com/companies/atmo,2026-09-04T11:45:58.330168
Airbyte,Airbyte,unmatched-new,0.0,https://www.ycombinator.com/companies/airbyte,2026-09-04T11:45:58.368795
Roboflow,Roboflow,unmatched-new,0.0,https://www.ycombinator.com/companies/roboflow,2026-09-04T11:45:58.418036
Tasker AI,Tasker AI,unmatched-new,0.0,https://www.ycombinator.com/companies/tasker-ai,2026-09-04T11:45:58.405920
Algen Biotechnologies,Algen Biotechnologies,unmatched-new,0.0,https://www.ycombinator.com/companies/algen-biotechnologies,2026-09-04T11:45:58.435047
Bandit ML,Bandit ML,unmatched-new,0.0,https://www.ycombinator.com/companies/bandit-ml,2026-09-04T11:45:58.453150
inFeedo AI,inFeedo AI,unmatched-new,0.0,https://www.ycombinator.com/companies/infeedo-ai,2026-09-04T11:45:58.452151
Blue Onion,Blue Onion,unmatched-new,0.0,https://www.ycombinator.com/companies/blue-onion,2026-09-04T11:45:58.472201
Legionfarm,Legionfarm,unmatched-new,0.0,https://www.ycombinator.com/companies/legionfarm,2026-09-04T11:45:58.433048
Directed Edge,Directed Edge,unmatched-new,0.0,https://www.ycombinator.com/companies/directed-edge,2026-09-04T11:45:54.809678
Kernal Biologics,Kernal Biologics,unmatched-new,0.0,https://www.ycombinator.com/companies/kernal-biologics,2026-09-04T11:45:58.509745
Shuttle,Shuttle,unmatched-new,0.0,https://www.ycombinator.com/companies/shuttle,2026-09-04T11:45:58.486224
Omni,Omni,unmatched-new,0.0,https://www.ycombinator.com/companies/omni,2026-09-04T11:45:58.543025
CoreCare,CoreCare,unmatched-new,0.0,https://www.ycombinator.com/companies/corecare,2026-09-04T11:45:58.559256
Blissway,Blissway,unmatched-new,0.0,https://www.ycombinator.com/companies/blissway,2026-09-04T11:45:58.570252
Atomic,Atomic,unmatched-new,0.0,https://www.ycombinator.com/companies/atomic,2026-09-04T11:45:58.585346
Hypotenuse AI,Hypotenuse AI,unmatched-new,0.0,https://www.ycombinator.com/companies/hypotenuse-ai,2026-09-04T11:45:58.493226
Hyper Online,Hyper Online,unmatched-new,0.0,https://www.ycombinator.com/companies/hyper-online,2026-09-04T11:45:58.618863
Nextera Robotics | DIDGE.ai,Nextera Robotics | DIDGE.ai,unmatched-new,0.0,https://www.ycombinator.com/companies/nextera-robotics-didgeai,2026-09-04T11:45:58.622862
Intelligent,Intelligent,unmatched-new,0.0,https://www.ycombinator.com/companies/intelligent,2026-09-04T11:45:58.650867
Cohere,Cohere,exact,100.0,https://www.ycombinator.com/companies/cohere,2026-09-04T11:45:58.653871
Aquarium Learning,Aquarium Learning,unmatched-new,0.0,https://www.ycombinator.com/companies/aquarium-learning,2026-09-04T11:45:58.635860
Dataland,Dataland,unmatched-new,0.0,https://www.ycombinator.com/companies/dataland,2026-09-04T11:45:58.686265
BIK,BIK,unmatched-new,0.0,https://www.ycombinator.com/companies/bik,2026-09-04T11:45:58.633860
Mito,Mito,unmatched-new,0.0,https://www.ycombinator.com/companies/mito,2026-09-04T11:45:58.702247
AI.Fashion,AI.Fashion,unmatched-new,0.0,https://www.ycombinator.com/companies/ai-fashion,2026-09-04T11:45:58.721780
Draftwise,Draftwise,unmatched-new,0.0,https://www.ycombinator.com/companies/draftwise,2026-09-04T11:45:58.712781
Glimpse,Glimpse,unmatched-new,0.0,https://www.ycombinator.com/companies/glimpse-2,2026-09-04T11:45:58.734780
Fieldguide,Fieldguide,unmatched-new,0.0,https://www.ycombinator.com/companies/fieldguide,2026-09-04T11:45:58.778820
"Warmly,","Warmly,",unmatched-new,0.0,https://www.ycombinator.com/companies/warmly,2026-09-04T11:45:58.754800
Clau,Clau,unmatched-new,0.0,https://www.ycombinator.com/companies/clau,2026-09-04T11:45:58.808650
Quell,Quell,unmatched-new,0.0,https://www.ycombinator.com/companies/quell,2026-09-04T11:45:58.815650
Degrees of Freedom,Degrees of Freedom,unmatched-new,0.0,https://www.ycombinator.com/companies/degrees-of-freedom,2026-09-04T11:45:58.826652
Datafold,Datafold,unmatched-new,0.0,https://www.ycombinator.com/companies/datafold,2026-09-04T11:45:58.466848
cloud humans,cloud humans,unmatched-new,0.0,https://www.ycombinator.com/companies/cloud-humans,2026-09-04T11:45:58.838652
Heron Data,Heron Data,unmatched-new,0.0,https://www.ycombinator.com/companies/heron-data,2026-09-04T11:45:58.813650
Taktile,Taktile,unmatched-new,0.0,https://www.ycombinator.com/companies/taktile,2026-09-04T11:45:58.695921
Humaans,Humaans,unmatched-new,0.0,https://www.ycombinator.com/companies/humaans,2026-09-04T11:45:58.887217
Quadrant Eye,Quadrant Eye,unmatched-new,0.0,https://www.ycombinator.com/companies/quadrant-eye,2026-09-04T11:45:58.904465
SBX Robotics,SBX Robotics,unmatched-new,0.0,https://www.ycombinator.com/companies/sbx-robotics,2026-09-04T11:45:58.916471
RocketSDR,RocketSDR,unmatched-new,0.0,https://www.ycombinator.com/companies/rocketsdr,2026-09-04T11:45:58.889213
authzed,authzed,unmatched-new,0.0,https://www.ycombinator.com/companies/authzed,2026-09-04T11:45:58.869181
Flux Auto,Flux Auto,unmatched-new,0.0,https://www.ycombinator.com/companies/flux-auto,2026-09-04T11:45:58.979535
Avocado,Avocado,unmatched-new,0.0,https://www.ycombinator.com/companies/avocado,2026-09-04T11:45:58.995545
arnata,arnata,unmatched-new,0.0,https://www.ycombinator.com/companies/arnata,2026-09-04T11:45:58.930245
Pragmatic Leaders (Ankai Inc),Pragmatic Leaders (Ankai Inc),unmatched-new,0.0,https://www.ycombinator.com/companies/pragmatic-leaders-ankai-inc,2026-09-04T11:45:59.001057
Encord,Encord,unmatched-new,0.0,https://www.ycombinator.com/companies/encord,2026-09-04T11:45:59.011745
Sivo,Sivo,unmatched-new,0.0,https://www.ycombinator.com/companies/sivo,2026-09-04T11:45:59.062092
HyperGlue,HyperGlue,unmatched-new,0.0,https://www.ycombinator.com/companies/hyperglue,2026-09-04T11:45:59.057089
Cyble,Cyble,unmatched-new,0.0,https://www.ycombinator.com/companies/cyble,2026-09-04T11:45:59.070258
Version Story Compare,Version Story Compare,unmatched-new,0.0,https://www.ycombinator.com/companies/version-story-compare,2026-09-04T11:45:59.100795
Atomic Industries,Atomic Industries,unmatched-new,0.0,https://www.ycombinator.com/companies/atomic-industries,2026-09-04T11:45:58.873182
Supadock,Supadock,unmatched-new,0.0,https://www.ycombinator.com/companies/supadock,2026-09-04T11:45:59.077256
Parsagon,Parsagon,unmatched-new,0.0,https://www.ycombinator.com/companies/parsagon,2026-09-04T11:45:59.150777
Promoted.ai,Promoted.ai,unmatched-new,0.0,https://www.ycombinator.com/companies/promoted,2026-09-04T11:45:59.113708
Alinea,Alinea,unmatched-new,0.0,https://www.ycombinator.com/companies/alinea,2026-09-04T11:45:59.165264
Vapi,Vapi,unmatched-new,0.0,https://www.ycombinator.com/companies/vapi,2026-09-04T11:45:59.190445
Emerge Tools,Emerge Tools,unmatched-new,0.0,https://www.ycombinator.com/companies/emerge-tools,2026-09-04T11:45:59.127715
Mindee,Mindee,unmatched-new,0.0,https://www.ycombinator.com/companies/mindee,2026-09-04T11:45:59.220170
Quadrant Health,Quadrant Health,unmatched-new,0.0,https://www.ycombinator.com/companies/quadrant-health,2026-09-04T11:45:59.209272
Popl,Popl,unmatched-new,0.0,https://www.ycombinator.com/companies/popl,2026-09-04T11:45:59.242090
Pangea.app,Pangea.app,unmatched-new,0.0,https://www.ycombinator.com/companies/pangea-app,2026-09-04T11:45:59.228238
Fathom,Fathom,unmatched-new,0.0,https://www.ycombinator.com/companies/fathom,2026-09-04T11:45:59.253107
True3D,True3D,unmatched-new,0.0,https://www.ycombinator.com/companies/true3d,2026-09-04T11:45:59.268627
FirstSupport.ai,FirstSupport.ai,unmatched-new,0.0,https://www.ycombinator.com/companies/firstsupport-ai,2026-09-04T11:45:59.296159
LiveFlow,LiveFlow,unmatched-new,0.0,https://www.ycombinator.com/companies/liveflow,2026-09-04T11:45:59.301167
Rinsed,Rinsed,unmatched-new,0.0,https://www.ycombinator.com/companies/rinsed,2026-09-04T11:45:59.312090
Invoid,Invoid,unmatched-new,0.0,https://www.ycombinator.com/companies/invoid,2026-09-04T11:45:59.319398
Datrics,Datrics,unmatched-new,0.0,https://www.ycombinator.com/companies/datrics,2026-09-04T11:45:59.328710
Expent Inc,Expent Inc,unmatched-new,0.0,https://www.ycombinator.com/companies/expent-inc,2026-09-04T11:45:59.083259
Pomello,Pomello,unmatched-new,0.0,https://www.ycombinator.com/companies/pomello,2026-09-04T11:45:54.836687
Tractian,Tractian,unmatched-new,0.0,https://www.ycombinator.com/companies/tractian,2026-09-04T11:45:59.357279
Nimbus,Nimbus,unmatched-new,0.0,https://www.ycombinator.com/companies/nimbus-3,2026-09-04T11:45:59.338281
Platypus,Platypus,unmatched-new,0.0,https://www.ycombinator.com/companies/platypus,2026-09-04T11:45:59.392728
Milk Video,Milk Video,unmatched-new,0.0,https://www.ycombinator.com/companies/milk-video,2026-09-04T11:45:59.406257
InpharmD,InpharmD,unmatched-new,0.0,https://www.ycombinator.com/companies/inpharmd,2026-09-04T11:45:59.452408
Enable Us,Enable Us,unmatched-new,0.0,https://www.ycombinator.com/companies/enable-us,2026-09-04T11:45:59.372281
Tint,Tint,unmatched-new,0.0,https://www.ycombinator.com/companies/tint,2026-09-04T11:45:59.462417
Simplify,Simplify,unmatched-new,0.0,https://www.ycombinator.com/companies/simplify,2026-09-04T11:45:59.467924
unSurvey,unSurvey,unmatched-new,0.0,https://www.ycombinator.com/companies/unsurvey,2026-09-04T11:45:59.473869
Reclaim Protocol,Reclaim Protocol,unmatched-new,0.0,https://www.ycombinator.com/companies/reclaim-protocol,2026-09-04T11:45:59.507598
Biodock,Biodock,unmatched-new,0.0,https://www.ycombinator.com/companies/biodock,2026-09-04T11:45:59.522599
TaoFi,TaoFi,unmatched-new,0.0,https://www.ycombinator.com/companies/taofi,2026-09-04T11:45:59.504599
Compose.ai,Compose.ai,unmatched-new,0.0,https://www.ycombinator.com/companies/compose-ai,2026-09-04T11:45:59.548693
Lamar Health,Lamar Health,unmatched-new,0.0,https://www.ycombinator.com/companies/lamar-health,2026-09-04T11:45:59.560677
ZOKO,ZOKO,unmatched-new,0.0,https://www.ycombinator.com/companies/zoko,2026-09-04T11:45:59.479879
Venu AI,Venu AI,unmatched-new,0.0,https://www.ycombinator.com/companies/venu-ai,2026-09-04T11:45:59.535598
Codeball,Codeball,unmatched-new,0.0,https://www.ycombinator.com/companies/codeball,2026-09-04T11:45:59.589919
Dataherald,Dataherald,unmatched-new,0.0,https://www.ycombinator.com/companies/dataherald,2026-09-04T11:45:59.602443
Rejoy Health,Rejoy Health,unmatched-new,0.0,https://www.ycombinator.com/companies/rejoy-health,2026-09-04T11:45:59.612595
Spline,Spline,unmatched-new,0.0,https://www.ycombinator.com/companies/spline,2026-09-04T11:45:59.656725
BusinessOnBot,BusinessOnBot,unmatched-new,0.0,https://www.ycombinator.com/companies/businessonbot,2026-09-04T11:45:59.671343
Friz,Friz,unmatched-new,0.0,https://www.ycombinator.com/companies/friz,2026-09-04T11:45:59.698322
Mystic,Mystic,unmatched-new,0.0,https://www.ycombinator.com/companies/mystic,2026-09-04T11:45:59.713553
Gigs,Gigs,unmatched-new,0.0,https://www.ycombinator.com/companies/gigs,2026-09-04T11:45:59.676264
MarqVision,MarqVision,unmatched-new,0.0,https://www.ycombinator.com/companies/marqvision,2026-09-04T11:45:59.741556
Fountain9,Fountain9,unmatched-new,0.0,https://www.ycombinator.com/companies/fountain9,2026-09-04T11:45:58.980538
Navattic,Navattic,unmatched-new,0.0,https://www.ycombinator.com/companies/navattic,2026-09-04T11:45:59.728553
Routine,Routine,unmatched-new,0.0,https://www.ycombinator.com/companies/routine,2026-09-04T11:45:59.748551
PowerX,PowerX,unmatched-new,0.0,https://www.ycombinator.com/companies/powerx,2026-09-04T11:45:58.354791
D-ID,D-ID,unmatched-new,0.0,https://www.ycombinator.com/companies/d-id,2026-09-04T11:45:56.050719
PipeBio,PipeBio,unmatched-new,0.0,https://www.ycombinator.com/companies/pipebio,2026-09-04T11:45:59.819615
AXAR AI,AXAR AI,unmatched-new,0.0,https://www.ycombinator.com/companies/axar-ai,2026-09-04T11:45:59.850346
Waydev,Waydev,unmatched-new,0.0,https://www.ycombinator.com/companies/waydev,2026-09-04T11:45:59.800966
Treinta,Treinta,unmatched-new,0.0,https://www.ycombinator.com/companies/treinta,2026-09-04T11:45:59.640599
Humance,Humance,unmatched-new,0.0,https://www.ycombinator.com/companies/humance,2026-09-04T11:45:59.898166
Journey,Journey,unmatched-new,0.0,https://www.ycombinator.com/companies/journey,2026-09-04T11:45:59.937267
Ollama,Ollama,unmatched-new,0.0,https://www.ycombinator.com/companies/ollama,2026-09-04T11:45:59.938266
Openlayer,Openlayer,unmatched-new,0.0,https://www.ycombinator.com/companies/openlayer,2026-09-04T11:45:59.951283
Slope,Slope,unmatched-new,0.0,https://www.ycombinator.com/companies/slope,2026-09-04T11:45:59.954265
Vogent,Vogent,unmatched-new,0.0,https://www.ycombinator.com/companies/vogent,2026-09-04T11:45:58.968260
Legion Health,Legion Health,unmatched-new,0.0,https://www.ycombinator.com/companies/legion-health,2026-09-04T11:45:59.990569
Serif Health,Serif Health,unmatched-new,0.0,https://www.ycombinator.com/companies/serif-health,2026-09-04T11:46:00.014515
Superwall,Superwall,unmatched-new,0.0,https://www.ycombinator.com/companies/staffbar,2026-09-04T11:46:00.028532
Pibit.ai,Pibit.ai,unmatched-new,0.0,https://www.ycombinator.com/companies/pibit-ai,2026-09-04T11:45:58.952252
Abstra,Abstra,unmatched-new,0.0,https://www.ycombinator.com/companies/abstra,2026-09-04T11:46:00.047075
Mindstate Design Labs,Mindstate Design Labs,unmatched-new,0.0,https://www.ycombinator.com/companies/mindstate-design-labs,2026-09-04T11:46:00.030028
MindPortal,MindPortal,unmatched-new,0.0,https://www.ycombinator.com/companies/mindportal,2026-09-04T11:45:59.755658
Replo,Replo,unmatched-new,0.0,https://www.ycombinator.com/companies/replo,2026-09-04T11:46:00.100645
Concord Materials,Concord Materials,unmatched-new,0.0,https://www.ycombinator.com/companies/concord-materials,2026-09-04T11:46:00.105644
Jestor,Jestor,unmatched-new,0.0,https://www.ycombinator.com/companies/jestor,2026-09-04T11:46:00.079049
Kalam Labs,Kalam Labs,unmatched-new,0.0,https://www.ycombinator.com/companies/kalam-labs,2026-09-04T11:46:00.127900
Coulomb AI,Coulomb AI,unmatched-new,0.0,https://www.ycombinator.com/companies/coulomb-ai,2026-09-04T11:46:00.156871
Tensil,Tensil,unmatched-new,0.0,https://www.ycombinator.com/companies/tensil,2026-09-04T11:45:57.606947
FirstQuadrant,FirstQuadrant,unmatched-new,0.0,https://www.ycombinator.com/companies/firstquadrant,2026-09-04T11:46:00.103667
MTailor,MTailor,unmatched-new,0.0,https://www.ycombinator.com/companies/mtailor,2026-09-04T11:45:54.825680
Potion,Potion,unmatched-new,0.0,https://www.ycombinator.com/companies/potion,2026-09-04T11:46:00.102645
Confido,Confido,unmatched-new,0.0,https://www.ycombinator.com/companies/confido,2026-09-04T11:46:00.265309
Humanloop,Humanloop,unmatched-new,0.0,https://www.ycombinator.com/companies/humanloop,2026-09-04T11:45:58.532747
zaz⚡️os,zaz⚡️os,unmatched-new,0.0,https://www.ycombinator.com/companies/zazos,2026-09-04T11:46:00.294648
Instalab,Instalab,unmatched-new,0.0,https://www.ycombinator.com/companies/instalab,2026-09-04T11:46:00.297165
Affogato AI,Affogato AI,unmatched-new,0.0,https://www.ycombinator.com/companies/affogato-ai,2026-09-04T11:46:00.323554
Neodocs,Neodocs,unmatched-new,0.0,https://www.ycombinator.com/companies/neodocs,2026-09-04T11:46:00.345692
Swipe,Swipe,unmatched-new,0.0,https://www.ycombinator.com/companies/swipe-2,2026-09-04T11:46:00.308174
Soco,Soco,unmatched-new,0.0,https://www.ycombinator.com/companies/soco,2026-09-04T11:46:00.380810
MobileBoost,MobileBoost,unmatched-new,0.0,https://www.ycombinator.com/companies/mobileboost,2026-09-04T11:46:00.417264
Canopy Labs,Canopy Labs,unmatched-new,0.0,https://www.ycombinator.com/companies/canopy-labs,2026-09-04T11:45:54.820763
Anakin,Anakin,unmatched-new,0.0,https://www.ycombinator.com/companies/anakin,2026-09-04T11:46:00.468513
Bite Ninja,Bite Ninja,unmatched-new,0.0,https://www.ycombinator.com/companies/bite-ninja,2026-09-04T11:46:00.471058
Sleek,Sleek,unmatched-new,0.0,https://www.ycombinator.com/companies/sleek,2026-09-04T11:46:00.480915
Tavus,Tavus,unmatched-new,0.0,https://www.ycombinator.com/companies/tavus,2026-09-04T11:46:00.536166
RGI Labs,RGI Labs,unmatched-new,0.0,https://www.ycombinator.com/companies/rgi-labs,2026-09-04T11:46:00.469516
Kaya,Kaya,unmatched-new,0.0,https://www.ycombinator.com/companies/kaya,2026-09-04T11:46:00.569186
SnapCalorie,SnapCalorie,unmatched-new,0.0,https://www.ycombinator.com/companies/snapcalorie,2026-09-04T11:46:00.466505
SalaryBox,SalaryBox,unmatched-new,0.0,https://www.ycombinator.com/companies/salarybox,2026-09-04T11:46:00.609711
Konta.com,Konta.com,unmatched-new,0.0,https://www.ycombinator.com/companies/konta-com,2026-09-04T11:46:00.615713
Lariat Data,Lariat Data,unmatched-new,0.0,https://www.ycombinator.com/companies/lariat-data,2026-09-04T11:46:00.611712
Verihubs,Verihubs,unmatched-new,0.0,https://www.ycombinator.com/companies/verihubs,2026-09-04T11:46:00.640996
Sentiyen,Sentiyen,unmatched-new,0.0,https://www.ycombinator.com/companies/sentiyen,2026-09-04T11:46:00.626999
Redbean,Redbean,unmatched-new,0.0,https://www.ycombinator.com/companies/redbean,2026-09-04T11:46:00.614713
Dailybot,Dailybot,unmatched-new,0.0,https://www.ycombinator.com/companies/dailybot,2026-09-04T11:46:00.639112
SenpAI.GG,SenpAI.GG,unmatched-new,0.0,https://www.ycombinator.com/companies/senpai-gg,2026-09-04T11:46:00.671088
DigiBuild,DigiBuild,unmatched-new,0.0,https://www.ycombinator.com/companies/digibuild,2026-09-04T11:46:00.694495
Warpfy,Warpfy,unmatched-new,0.0,https://www.ycombinator.com/companies/warpfy,2026-09-04T11:46:00.702620
Jovian,Jovian,unmatched-new,0.0,https://www.ycombinator.com/companies/jovian,2026-09-04T11:46:00.704621
Cero,Cero,unmatched-new,0.0,https://www.ycombinator.com/companies/cero,2026-09-04T11:46:00.727145
Hyperbrowser,Hyperbrowser,unmatched-new,0.0,https://www.ycombinator.com/companies/hyperbrowser,2026-09-04T11:46:00.716140
Tiriel AI,Tiriel AI,unmatched-new,0.0,https://www.ycombinator.com/companies/tiriel-ai,2026-09-04T11:46:00.718141
OneStopKitchen,OneStopKitchen,unmatched-new,0.0,https://www.ycombinator.com/companies/onestopkitchen,2026-09-04T11:46:00.703619
WarpBuild,WarpBuild,unmatched-new,0.0,https://www.ycombinator.com/companies/warpbuild,2026-09-04T11:46:00.788150
Sequin,Sequin,unmatched-new,0.0,https://www.ycombinator.com/companies/sequin,2026-09-04T11:46:00.820587
Secoda,Secoda,unmatched-new,0.0,https://www.ycombinator.com/companies/secoda,2026-09-04T11:46:00.613710
MindFi,MindFi,unmatched-new,0.0,https://www.ycombinator.com/companies/mindfi,2026-09-04T11:46:00.875562
Coinrule,Coinrule,unmatched-new,0.0,https://www.ycombinator.com/companies/coinrule,2026-09-04T11:46:00.873885
Scispot,Scispot,unmatched-new,0.0,https://www.ycombinator.com/companies/scispot-io,2026-09-04T11:46:00.877583
CareMessage,CareMessage,unmatched-new,0.0,https://www.ycombinator.com/companies/caremessage,2026-09-04T11:45:54.822680
Protex AI,Protex AI,unmatched-new,0.0,https://www.ycombinator.com/companies/protex-ai,2026-09-04T11:46:00.938814
Miniloop,Miniloop,unmatched-new,0.0,https://www.ycombinator.com/companies/miniloop,2026-09-04T11:46:00.923715
Zensors,Zensors,unmatched-new,0.0,https://www.ycombinator.com/companies/zensors-inc,2026-09-04T11:46:00.946718
ShipBlu,ShipBlu,unmatched-new,0.0,https://www.ycombinator.com/companies/shipblu,2026-09-04T11:46:00.937715
Mentum,Mentum,unmatched-new,0.0,https://www.ycombinator.com/companies/mentum,2026-09-04T11:46:00.967735
outloud.ai,outloud.ai,unmatched-new,0.0,https://www.ycombinator.com/companies/outloud-ai,2026-09-04T11:46:00.979988
CoLoop,CoLoop,unmatched-new,0.0,https://www.ycombinator.com/companies/coloop,2026-09-04T11:46:00.916718
Tenyks,Tenyks,unmatched-new,0.0,https://www.ycombinator.com/companies/tenyks,2026-09-04T11:46:01.006582
Revery AI,Revery AI,unmatched-new,0.0,https://www.ycombinator.com/companies/revery-ai,2026-09-04T11:46:00.995052
Writesonic,Writesonic,unmatched-new,0.0,https://www.ycombinator.com/companies/writesonic,2026-09-04T11:46:00.980991
Telmai,Telmai,unmatched-new,0.0,https://www.ycombinator.com/companies/telmai,2026-09-04T11:46:01.032838
Adni,Adni,unmatched-new,0.0,https://www.ycombinator.com/companies/adni,2026-09-04T11:46:01.018582
Caire Health,Caire Health,unmatched-new,0.0,https://www.ycombinator.com/companies/caire-health,2026-09-04T11:46:01.102824
Baubap,Baubap,unmatched-new,0.0,https://www.ycombinator.com/companies/baubap,2026-09-04T11:46:01.113570
Waterplan,Waterplan,unmatched-new,0.0,https://www.ycombinator.com/companies/waterplan,2026-09-04T11:46:01.056840
ContraForce,ContraForce,unmatched-new,0.0,https://www.ycombinator.com/companies/contraforce,2026-09-04T11:46:01.148590
Zuma,Zuma,unmatched-new,0.0,https://www.ycombinator.com/companies/resident-boost,2026-09-04T11:46:01.074309
aSim,aSim,unmatched-new,0.0,https://www.ycombinator.com/companies/asim,2026-09-04T11:46:00.949715
CellChorus,CellChorus,unmatched-new,0.0,https://www.ycombinator.com/companies/cellchorus,2026-09-04T11:46:01.175005
Opkit,Opkit,unmatched-new,0.0,https://www.ycombinator.com/companies/opkit,2026-09-04T11:46:01.195772
Squire.ai,Squire.ai,unmatched-new,0.0,https://www.ycombinator.com/companies/squire-ai,2026-09-04T11:46:01.216287
Mach9,Mach9,unmatched-new,0.0,https://www.ycombinator.com/companies/mach9,2026-09-04T11:46:00.998565
Bytebot,Bytebot,unmatched-new,0.0,https://www.ycombinator.com/companies/bytebot,2026-09-04T11:46:01.244289
Adravision,Adravision,unmatched-new,0.0,https://www.ycombinator.com/companies/adravision,2026-09-04T11:46:01.261932
Spoken,Spoken,unmatched-new,0.0,https://www.ycombinator.com/companies/spoken,2026-09-04T11:46:01.228296
Medium Biosciences,Medium Biosciences,unmatched-new,0.0,https://www.ycombinator.com/companies/medium-biosciences,2026-09-04T11:46:01.277091
Lightly,Lightly,unmatched-new,0.0,https://www.ycombinator.com/companies/lightly,2026-09-04T11:46:01.299961
Safer Management,Safer Management,unmatched-new,0.0,https://www.ycombinator.com/companies/safer-management,2026-09-04T11:46:01.304961
Output Biosciences,Output Biosciences,unmatched-new,0.0,https://www.ycombinator.com/companies/output,2026-09-04T11:46:01.161575
Exa,Exa,unmatched-new,0.0,https://www.ycombinator.com/companies/exa,2026-09-04T11:46:01.318966
Sully.ai,Sully.ai,unmatched-new,0.0,https://www.ycombinator.com/companies/sully-ai,2026-09-04T11:46:01.356008
SilkChart,SilkChart,unmatched-new,0.0,https://www.ycombinator.com/companies/silkchart,2026-09-04T11:46:01.367006
Andi,Andi,unmatched-new,0.0,https://www.ycombinator.com/companies/andi,2026-09-04T11:46:01.353006
TigerEye,TigerEye,unmatched-new,0.0,https://www.ycombinator.com/companies/tigereye,2026-09-04T11:46:01.381006
Forage Mail,Forage Mail,unmatched-new,0.0,https://www.ycombinator.com/companies/forage-mail,2026-09-04T11:46:00.935720
Attack Capital,Attack Capital,unmatched-new,0.0,https://www.ycombinator.com/companies/attack-capital,2026-09-04T11:46:01.371007
Strac,Strac,unmatched-new,0.0,https://www.ycombinator.com/companies/strac,2026-09-04T11:46:01.391014
Capuchin,Capuchin,unmatched-new,0.0,https://www.ycombinator.com/companies/capuchin,2026-09-04T11:46:01.413880
Vibe Kanban,Vibe Kanban,unmatched-new,0.0,https://www.ycombinator.com/companies/vibe-kanban,2026-09-04T11:46:01.093310
Moots,Moots,unmatched-new,0.0,https://www.ycombinator.com/companies/moots,2026-09-04T11:46:01.403196
WeReno,WeReno,unmatched-new,0.0,https://www.ycombinator.com/companies/wereno,2026-09-04T11:46:01.470538
VantedgeAI,VantedgeAI,unmatched-new,0.0,https://www.ycombinator.com/companies/vantedgeai,2026-09-04T11:46:01.479049
Starling,Starling,unmatched-new,0.0,https://www.ycombinator.com/companies/starling,2026-09-04T11:46:01.486064
Trellus,Trellus,unmatched-new,0.0,https://www.ycombinator.com/companies/trellus,2026-09-04T11:46:01.458532
Momento,Momento,unmatched-new,0.0,https://www.ycombinator.com/companies/momento,2026-09-04T11:46:01.500575
PromptLoop,PromptLoop,unmatched-new,0.0,https://www.ycombinator.com/companies/promptloop,2026-09-04T11:46:01.508575
PolicyFly,PolicyFly,unmatched-new,0.0,https://www.ycombinator.com/companies/policyfly,2026-09-04T11:46:01.437534
Cozmo AI,Cozmo AI,unmatched-new,0.0,https://www.ycombinator.com/companies/cozmo-ai,2026-09-04T11:46:01.539575
Cherry Recommends,Cherry Recommends,unmatched-new,0.0,https://www.ycombinator.com/companies/cherry-recommends,2026-09-04T11:46:01.524578
Sota2,Sota2,unmatched-new,0.0,https://www.ycombinator.com/companies/sota2,2026-09-04T11:46:01.570084
CoffeeAI,CoffeeAI,unmatched-new,0.0,https://www.ycombinator.com/companies/coffeeai,2026-09-04T11:46:01.602635
Sei AI,Sei AI,unmatched-new,0.0,https://www.ycombinator.com/companies/sei-ai,2026-09-04T11:46:01.601635
Nyckel,Nyckel,unmatched-new,0.0,https://www.ycombinator.com/companies/nyckel,2026-09-04T11:46:01.610636
Gym Class,Gym Class,unmatched-new,0.0,https://www.ycombinator.com/companies/gym-class,2026-09-04T11:46:01.628657
Stably AI (Orca),Stably AI (Orca),unmatched-new,0.0,https://www.ycombinator.com/companies/stably-ai-orca,2026-09-04T11:46:01.616635
InferEdge,InferEdge,unmatched-new,0.0,https://www.ycombinator.com/companies/inferedge,2026-09-04T11:46:01.638789
Axross Pte Ltd,Axross Pte Ltd,unmatched-new,0.0,https://www.ycombinator.com/companies/axross-pte-ltd,2026-09-04T11:46:01.596144
HomeRoom,HomeRoom,unmatched-new,0.0,https://www.ycombinator.com/companies/homeroom,2026-09-04T11:46:01.653795
Invert,Invert,unmatched-new,0.0,https://www.ycombinator.com/companies/invert,2026-09-04T11:46:01.677816
Dynamo AI,Dynamo AI,unmatched-new,0.0,https://www.ycombinator.com/companies/dynamo-ai,2026-09-04T11:46:01.682438
Industrial Next,Industrial Next,unmatched-new,0.0,https://www.ycombinator.com/companies/industrial-next,2026-09-04T11:46:01.692962
Rownd,Rownd,unmatched-new,0.0,https://www.ycombinator.com/companies/rownd,2026-09-04T11:46:01.711990
HypaHub,HypaHub,unmatched-new,0.0,https://www.ycombinator.com/companies/hypahub,2026-09-04T11:46:01.741655
Kaso,Kaso,unmatched-new,0.0,https://www.ycombinator.com/companies/kaso,2026-09-04T11:46:01.720546
Dioptra,Dioptra,unmatched-new,0.0,https://www.ycombinator.com/companies/dioptra,2026-09-04T11:46:01.743658
Iron Leap,Iron Leap,unmatched-new,0.0,https://www.ycombinator.com/companies/iron-leap,2026-09-04T11:46:01.749824
Unlayer,Unlayer,unmatched-new,0.0,https://www.ycombinator.com/companies/unlayer,2026-09-04T11:46:01.805232
Bobidi,Bobidi,unmatched-new,0.0,https://www.ycombinator.com/companies/bobidi,2026-09-04T11:46:01.757824
Criya,Criya,unmatched-new,0.0,https://www.ycombinator.com/companies/roomplays,2026-09-04T11:46:01.824857
Ankr Health,Ankr Health,unmatched-new,0.0,https://www.ycombinator.com/companies/ankr-health,2026-09-04T11:46:01.775942
Fintelite,Fintelite,unmatched-new,0.0,https://www.ycombinator.com/companies/fintelite,2026-09-04T11:46:01.854824
Lexter.ai,Lexter.ai,unmatched-new,0.0,https://www.ycombinator.com/companies/lexter-ai,2026-09-04T11:46:01.863824
Versable,Versable,unmatched-new,0.0,https://www.ycombinator.com/companies/versable,2026-09-04T11:46:01.872830
RADAR,RADAR,unmatched-new,0.0,https://www.ycombinator.com/companies/radar,2026-09-04T11:45:54.819677
Cerebrium,Cerebrium,unmatched-new,0.0,https://www.ycombinator.com/companies/cerebrium,2026-09-04T11:46:01.885397
LanceDB,LanceDB,unmatched-new,0.0,https://www.ycombinator.com/companies/lancedb,2026-09-04T11:46:01.903933
Spinach AI,Spinach AI,unmatched-new,0.0,https://www.ycombinator.com/companies/spinach-ai,2026-09-04T11:46:01.603640
Beam,Beam,unmatched-new,0.0,https://www.ycombinator.com/companies/beam,2026-09-04T11:46:01.909936
MosaicVoice,MosaicVoice,unmatched-new,0.0,https://www.ycombinator.com/companies/mosaicvoice,2026-09-04T11:46:01.893397
GetDot,GetDot,unmatched-new,0.0,https://www.ycombinator.com/companies/getdot,2026-09-04T11:46:00.942717
Armilla AI,Armilla AI,unmatched-new,0.0,https://www.ycombinator.com/companies/armilla-ai,2026-09-04T11:46:01.931931
Sophys,Sophys,unmatched-new,0.0,https://www.ycombinator.com/companies/sophys,2026-09-04T11:46:01.946935
Dart,Dart,unmatched-new,0.0,https://www.ycombinator.com/companies/dart,2026-09-04T11:46:01.945957
Reforged Labs,Reforged Labs,unmatched-new,0.0,https://www.ycombinator.com/companies/reforged-labs,2026-09-04T11:46:01.973143
haddock,haddock,unmatched-new,0.0,https://www.ycombinator.com/companies/haddock,2026-09-04T11:46:01.836823
Emobi,Emobi,unmatched-new,0.0,https://www.ycombinator.com/companies/emobi,2026-09-04T11:46:01.968142
Flagright,Flagright,unmatched-new,0.0,https://www.ycombinator.com/companies/flagright,2026-09-04T11:46:01.990719
Sphere,Sphere,unmatched-new,0.0,https://www.ycombinator.com/companies/sphere,2026-09-04T11:46:02.005941
Milky Way AI,Milky Way AI,unmatched-new,0.0,https://www.ycombinator.com/companies/milky-way-ai,2026-09-04T11:46:00.945715
SkyLink,SkyLink,unmatched-new,0.0,https://www.ycombinator.com/companies/skylink,2026-09-04T11:46:02.058118
T3 Chat,T3 Chat,unmatched-new,0.0,https://www.ycombinator.com/companies/t3-chat,2026-09-04T11:46:02.021092
RefineTrain AI,RefineTrain AI,unmatched-new,0.0,https://www.ycombinator.com/companies/refinetrain-ai,2026-09-04T11:46:02.070215
PermitFlow,PermitFlow,unmatched-new,0.0,https://www.ycombinator.com/companies/permitflow,2026-09-04T11:46:02.079158
Siftly,Siftly,unmatched-new,0.0,https://www.ycombinator.com/companies/siftly,2026-09-04T11:46:02.095952
Cogram,Cogram,unmatched-new,0.0,https://www.ycombinator.com/companies/cogram,2026-09-04T11:46:02.118112
RedBrick AI,RedBrick AI,unmatched-new,0.0,https://www.ycombinator.com/companies/redbrick-ai,2026-09-04T11:46:01.988718
Toko,Toko,unmatched-new,0.0,https://www.ycombinator.com/companies/toko,2026-09-04T11:46:02.133112
NearWave,NearWave,unmatched-new,0.0,https://www.ycombinator.com/companies/nearwave,2026-09-04T11:46:02.088951
Curacel,Curacel,unmatched-new,0.0,https://www.ycombinator.com/companies/curacel,2026-09-04T11:46:02.144175
Cotera,Cotera,unmatched-new,0.0,https://www.ycombinator.com/companies/cotera,2026-09-04T11:46:02.146112
voize,voize,unmatched-new,0.0,https://www.ycombinator.com/companies/voize,2026-09-04T11:46:02.183114
Lovage,Lovage,unmatched-new,0.0,https://www.ycombinator.com/companies/lovage,2026-09-04T11:46:02.213776
"Sendme, Inc","Sendme, Inc",unmatched-new,0.0,https://www.ycombinator.com/companies/sendme-inc,2026-09-04T11:46:02.221773
Finnt,Finnt,unmatched-new,0.0,https://www.ycombinator.com/companies/finnt,2026-09-04T11:46:02.166115
SmartHelio,SmartHelio,unmatched-new,0.0,https://www.ycombinator.com/companies/smarthelio,2026-09-04T11:46:02.235773
Strong Compute,Strong Compute,unmatched-new,0.0,https://www.ycombinator.com/companies/strong-compute,2026-09-04T11:46:02.208772
Airwork,Airwork,unmatched-new,0.0,https://www.ycombinator.com/companies/airwork,2026-09-04T11:46:02.256842
Sprites,Sprites,unmatched-new,0.0,https://www.ycombinator.com/companies/sprites,2026-09-04T11:46:02.229795
Cinder,Cinder,unmatched-new,0.0,https://www.ycombinator.com/companies/cinder-2,2026-09-04T11:46:02.274542
BotCity,BotCity,unmatched-new,0.0,https://www.ycombinator.com/companies/botcity,2026-09-04T11:46:02.297010
Broccoli AI,Broccoli AI,unmatched-new,0.0,https://www.ycombinator.com/companies/broccoli-ai,2026-09-04T11:46:02.358635
Lifecast,Lifecast,unmatched-new,0.0,https://www.ycombinator.com/companies/lifecast,2026-09-04T11:46:02.322537
Bemlo,Bemlo,unmatched-new,0.0,https://www.ycombinator.com/companies/bemlo,2026-09-04T11:46:02.391599
Vimmerse,Vimmerse,unmatched-new,0.0,https://www.ycombinator.com/companies/vimmerse,2026-09-04T11:46:02.353657
Talentropy.ai,Talentropy.ai,unmatched-new,0.0,https://www.ycombinator.com/companies/talentropy-ai,2026-09-04T11:46:02.401116
mutable.ai,mutable.ai,unmatched-new,0.0,https://www.ycombinator.com/companies/mutable-ai,2026-09-04T11:46:02.426122
Ponyrun,Ponyrun,unmatched-new,0.0,https://www.ycombinator.com/companies/ponyrun,2026-09-04T11:46:02.453115
Velt,Velt,unmatched-new,0.0,https://www.ycombinator.com/companies/velt,2026-09-04T11:46:02.112111
Theneo,Theneo,unmatched-new,0.0,https://www.ycombinator.com/companies/theneo,2026-09-04T11:46:02.465117
PINA,PINA,unmatched-new,0.0,https://www.ycombinator.com/companies/pina,2026-09-04T11:46:02.480125
AvairSense,AvairSense,unmatched-new,0.0,https://www.ycombinator.com/companies/avairsense,2026-09-04T11:46:02.490391
Top Road,Top Road,unmatched-new,0.0,https://www.ycombinator.com/companies/top-road,2026-09-04T11:46:02.454115
Nophin,Nophin,unmatched-new,0.0,https://www.ycombinator.com/companies/nophin,2026-09-04T11:46:02.504915
HOAi,HOAi,unmatched-new,0.0,https://www.ycombinator.com/companies/hoai,2026-09-04T11:46:02.522253
Spade,Spade,unmatched-new,0.0,https://www.ycombinator.com/companies/spade,2026-09-04T11:46:02.535251
Status,Status,unmatched-new,0.0,https://www.ycombinator.com/companies/status,2026-09-04T11:46:02.559252
Shaped,Shape,fuzzy,90.9090909090909,https://www.ycombinator.com/companies/shaped,2026-09-04T11:46:02.574273
Ploomber,Ploomber,unmatched-new,0.0,https://www.ycombinator.com/companies/ploomber,2026-09-04T11:46:02.583254
IoTFlows Inc,IoTFlows Inc,unmatched-new,0.0,https://www.ycombinator.com/companies/iotflows-inc,2026-09-04T11:46:02.496391
GoJom,GoJom,unmatched-new,0.0,https://www.ycombinator.com/companies/gojom,2026-09-04T11:46:02.590259
Housewarming,Housewarming,unmatched-new,0.0,https://www.ycombinator.com/companies/housewarming,2026-09-04T11:46:02.601782
RTHM,RTHM,unmatched-new,0.0,https://www.ycombinator.com/companies/rthm,2026-09-04T11:46:02.609781
Blink,Blink,unmatched-new,0.0,https://www.ycombinator.com/companies/blink-new,2026-09-04T11:46:02.623137
Codec,Codec,unmatched-new,0.0,https://www.ycombinator.com/companies/codec,2026-09-04T11:46:02.655144
Postal,Postal,unmatched-new,0.0,https://www.ycombinator.com/companies/postal,2026-09-04T11:46:02.664137
Kenobi,Kenobi,unmatched-new,0.0,https://www.ycombinator.com/companies/kenobi,2026-09-04T11:46:02.695788
Finku,Finku,unmatched-new,0.0,https://www.ycombinator.com/companies/finku,2026-09-04T11:46:02.700060
Nara,Nara,unmatched-new,0.0,https://www.ycombinator.com/companies/nara,2026-09-04T11:46:02.705065
Heptabase,Heptabase,unmatched-new,0.0,https://www.ycombinator.com/companies/heptabase,2026-09-04T11:46:02.689789
Workflow86,Workflow86,unmatched-new,0.0,https://www.ycombinator.com/companies/workflow86,2026-09-04T11:46:02.654138
Query Vary,Query Vary,unmatched-new,0.0,https://www.ycombinator.com/companies/query-vary,2026-09-04T11:46:02.724625
AYC Fund,AYC Fund,unmatched-new,0.0,https://www.ycombinator.com/companies/ayc-fund,2026-09-04T11:46:02.684711
Cellbyte,Cellbyte,unmatched-new,0.0,https://www.ycombinator.com/companies/cellbyte,2026-09-04T11:46:02.753242
Impossible Metals,Impossible Metals,unmatched-new,0.0,https://www.ycombinator.com/companies/impossible-metals,2026-09-04T11:46:02.743855
KorrAI,KorrAI,unmatched-new,0.0,https://www.ycombinator.com/companies/korrai,2026-09-04T11:46:02.784259
GovDash,GovDash,unmatched-new,0.0,https://www.ycombinator.com/companies/govdash,2026-09-04T11:46:02.770250
MSPilot,MSPilot,unmatched-new,0.0,https://www.ycombinator.com/companies/mspilot,2026-09-04T11:46:02.804357
Powerdocs,Powerdocs,unmatched-new,0.0,https://www.ycombinator.com/companies/powerdocs,2026-09-04T11:46:02.817868
Flike,Flike,unmatched-new,0.0,https://www.ycombinator.com/companies/flike,2026-09-04T11:46:02.825639
Reality Defender,Reality Defender,unmatched-new,0.0,https://www.ycombinator.com/companies/reality-defender,2026-09-04T11:46:02.842640
WhiteLab Genomics,WhiteLab Genomics,unmatched-new,0.0,https://www.ycombinator.com/companies/whitelab-genomics,2026-09-04T11:46:02.851640
Speechly,Speechly,unmatched-new,0.0,https://www.ycombinator.com/companies/speechly,2026-09-04T11:46:01.996718
Wolfia,Wolfia,unmatched-new,0.0,https://www.ycombinator.com/companies/wolfia,2026-09-04T11:46:02.880644
Paces,Paces,unmatched-new,0.0,https://www.ycombinator.com/companies/paces,2026-09-04T11:46:02.881653
Airtrain AI,Airtrain AI,unmatched-new,0.0,https://www.ycombinator.com/companies/airtrain-ai,2026-09-04T11:46:02.889706
Poly,Poly,unmatched-new,0.0,https://www.ycombinator.com/companies/poly,2026-09-04T11:46:02.859642
Elessar,Elessar,unmatched-new,0.0,https://www.ycombinator.com/companies/elessar,2026-09-04T11:46:02.904238
Layerup,Layerup,unmatched-new,0.0,https://www.ycombinator.com/companies/layerup,2026-09-04T11:46:02.870643
Mercator,Mercator,unmatched-new,0.0,https://www.ycombinator.com/companies/mercator,2026-09-04T11:46:02.912242
Julius,Julius,unmatched-new,0.0,https://www.ycombinator.com/companies/julius,2026-09-04T11:46:02.925240
Ciro,Ciro,unmatched-new,0.0,https://www.ycombinator.com/companies/ciro,2026-09-04T11:46:02.941241
Star,Star,unmatched-new,0.0,https://www.ycombinator.com/companies/star,2026-09-04T11:46:02.895713
Birch Biosciences,Birch Biosciences,unmatched-new,0.0,https://www.ycombinator.com/companies/birch-biosciences,2026-09-04T11:46:02.973246
Penguin AI,Penguin AI,unmatched-new,0.0,https://www.ycombinator.com/companies/penguin-ai,2026-09-04T11:46:02.994773
Dialect,Dialect,unmatched-new,0.0,https://www.ycombinator.com/companies/dialect-2,2026-09-04T11:46:02.948242
SigmaMind AI,SigmaMind AI,unmatched-new,0.0,https://www.ycombinator.com/companies/sigmamind-ai,2026-09-04T11:46:03.012805
Truva,Truva,unmatched-new,0.0,https://www.ycombinator.com/companies/truva,2026-09-04T11:46:03.000289
Superpowered AI,Superpowered AI,unmatched-new,0.0,https://www.ycombinator.com/companies/superpowered-ai,2026-09-04T11:46:03.026805
Makeasite,Makeasite,unmatched-new,0.0,https://www.ycombinator.com/companies/makeasite,2026-09-04T11:46:03.030807
Two Dots,Two Dots,unmatched-new,0.0,https://www.ycombinator.com/companies/two-dots,2026-09-04T11:46:03.010816
Bunting Labs,Bunting Labs,unmatched-new,0.0,https://www.ycombinator.com/companies/bunting-labs,2026-09-04T11:46:03.048804
Pasito,Pasito,unmatched-new,0.0,https://www.ycombinator.com/companies/pasito,2026-09-04T11:46:03.053807
Blitz,Blitz,unmatched-new,0.0,https://www.ycombinator.com/companies/blitz,2026-09-04T11:46:03.064805
Cerrion,Cerrion,unmatched-new,0.0,https://www.ycombinator.com/companies/cerrion,2026-09-04T11:46:03.094100
Impractical,Impractical,unmatched-new,0.0,https://www.ycombinator.com/companies/impractical,2026-09-04T11:46:03.102605
Champ,Champ,unmatched-new,0.0,https://www.ycombinator.com/companies/champ,2026-09-04T11:46:03.134653
Fetii,Fetii,unmatched-new,0.0,https://www.ycombinator.com/companies/fetii,2026-09-04T11:46:03.146069
Craze,Craze,unmatched-new,0.0,https://www.ycombinator.com/companies/craze,2026-09-04T11:46:03.169606
CODEXA,CODEXA,unmatched-new,0.0,https://www.ycombinator.com/companies/codexa,2026-09-04T11:46:03.124631
Paragon AI,Paragon AI,unmatched-new,0.0,https://www.ycombinator.com/companies/paragon-ai,2026-09-04T11:46:03.199556
NuMind,NuMind,unmatched-new,0.0,https://www.ycombinator.com/companies/numind,2026-09-04T11:46:03.212586
Midplane,Midplane,unmatched-new,0.0,https://www.ycombinator.com/companies/midplane,2026-09-04T11:46:03.220077
Blee,Blee,unmatched-new,0.0,https://www.ycombinator.com/companies/blee,2026-09-04T11:46:03.245194
Overwatch,Overwatch,unmatched-new,0.0,https://www.ycombinator.com/companies/overwatch,2026-09-04T11:46:03.233104
Raven,Raven,unmatched-new,0.0,https://www.ycombinator.com/companies/raven,2026-09-04T11:46:03.265102
Roxels,Roxels,unmatched-new,0.0,https://www.ycombinator.com/companies/roxels,2026-09-04T11:46:03.139630
Popsy,Popsy,unmatched-new,0.0,https://www.ycombinator.com/companies/popsy,2026-09-04T11:46:03.284111
Juicebox,Juicebox,unmatched-new,0.0,https://www.ycombinator.com/companies/juicebox,2026-09-04T11:46:03.306771
Activepieces,Activepieces,unmatched-new,0.0,https://www.ycombinator.com/companies/activepieces,2026-09-04T11:46:03.296252
Phind,Phind,unmatched-new,0.0,https://www.ycombinator.com/companies/phind,2026-09-04T11:46:03.341589
Flair Labs,Flair Labs,unmatched-new,0.0,https://www.ycombinator.com/companies/flair-labs,2026-09-04T11:46:03.378592
Namecard.ai,Namecard.ai,unmatched-new,0.0,https://www.ycombinator.com/companies/namecard-ai,2026-09-04T11:46:03.354587
Unify,Unify,unmatched-new,0.0,https://www.ycombinator.com/companies/unify,2026-09-04T11:46:03.392593
Apply Design,Apply Design,unmatched-new,0.0,https://www.ycombinator.com/companies/apply-design,2026-09-04T11:46:03.309763
NewsCatcher,NewsCatcher,unmatched-new,0.0,https://www.ycombinator.com/companies/newscatcher,2026-09-04T11:46:03.467780
Mistle,Mistle,unmatched-new,0.0,https://www.ycombinator.com/companies/mistle,2026-09-04T11:46:03.422576
100x,100x,unmatched-new,0.0,https://www.ycombinator.com/companies/100x,2026-09-04T11:46:03.479439
Typewise,Typewise,unmatched-new,0.0,https://www.ycombinator.com/companies/typewise,2026-09-04T11:46:03.455775
Provision,Provision,unmatched-new,0.0,https://www.ycombinator.com/companies/provision,2026-09-04T11:46:03.513923
Thera,Thera,unmatched-new,0.0,https://www.ycombinator.com/companies/thera,2026-09-04T11:46:03.528959
Peoplebox.ai,Peoplebox.ai,unmatched-new,0.0,https://www.ycombinator.com/companies/peoplebox,2026-09-04T11:46:03.531974
Hedgehog,Hedgehog,unmatched-new,0.0,https://www.ycombinator.com/companies/hedgehog-2,2026-09-04T11:46:03.557169
Alphawatch AI,Alphawatch AI,unmatched-new,0.0,https://www.ycombinator.com/companies/alphawatch-ai,2026-09-04T11:46:03.570164
AnythingLLM,AnythingLLM,unmatched-new,0.0,https://www.ycombinator.com/companies/anythingllm,2026-09-04T11:46:03.577183
Latent Space,Latent Space,unmatched-new,0.0,https://www.ycombinator.com/companies/latent-space,2026-09-04T11:46:03.596211
Coris,Coris,unmatched-new,0.0,https://www.ycombinator.com/companies/coris,2026-09-04T11:46:03.546166
AviaryAI,AviaryAI,unmatched-new,0.0,https://www.ycombinator.com/companies/aviaryai,2026-09-04T11:46:03.620722
FlyCode,FlyCode,unmatched-new,0.0,https://www.ycombinator.com/companies/flycode,2026-09-04T11:46:03.639724
Shape,Shape,unmatched-new,0.0,https://www.ycombinator.com/companies/shape,2026-09-04T11:46:01.136593
Maya Labs,Maya Labs,unmatched-new,0.0,https://www.ycombinator.com/companies/maya-labs,2026-09-04T11:46:03.650725
Quinn,Quinn,unmatched-new,0.0,https://www.ycombinator.com/companies/quinn,2026-09-04T11:46:03.688235
Aurelian,Aurelian,unmatched-new,0.0,https://www.ycombinator.com/companies/aurelian,2026-09-04T11:46:03.718164
Metriport,Metriport,unmatched-new,0.0,https://www.ycombinator.com/companies/metriport,2026-09-04T11:46:03.727188
Rima AI (formerly Garage),Rima AI (formerly Garage),unmatched-new,0.0,https://www.ycombinator.com/companies/rima-ai,2026-09-04T11:46:03.734164
Axis,Axis,unmatched-new,0.0,https://www.ycombinator.com/companies/axis,2026-09-04T11:46:01.979708
Sieve,Sieve,unmatched-new,0.0,https://www.ycombinator.com/companies/sieve,2026-09-04T11:46:01.431537
Artemis Search,Artemis Search,unmatched-new,0.0,https://www.ycombinator.com/companies/artemis-search,2026-09-04T11:46:03.771267
Argovox,Argovox,unmatched-new,0.0,https://www.ycombinator.com/companies/argovox,2026-09-04T11:46:03.788465
Evidently AI,Evidently AI,unmatched-new,0.0,https://www.ycombinator.com/companies/evidently-ai,2026-09-04T11:46:00.951718
Cobbery,Cobbery,unmatched-new,0.0,https://www.ycombinator.com/companies/cobbery,2026-09-04T11:46:03.796465
Unthread,Unthread,unmatched-new,0.0,https://www.ycombinator.com/companies/unthread,2026-09-04T11:46:03.826976
Ad Army,Ad Army,unmatched-new,0.0,https://www.ycombinator.com/companies/ad-army,2026-09-04T11:46:03.838982
Atlas,Atlas,unmatched-new,0.0,https://www.ycombinator.com/companies/atlaswork,2026-09-04T11:46:03.814979
Sanifu,Sanifu,unmatched-new,0.0,https://www.ycombinator.com/companies/sanifu,2026-09-04T11:46:03.851977
Feather,Feather,unmatched-new,0.0,https://www.ycombinator.com/companies/feather-2,2026-09-04T11:46:03.790468
Lamin,Lamin,unmatched-new,0.0,https://www.ycombinator.com/companies/lamin,2026-09-04T11:46:03.842978
Avina,Avina,unmatched-new,0.0,https://www.ycombinator.com/companies/avina,2026-09-04T11:46:03.874980
Fini,Fini,unmatched-new,0.0,https://www.ycombinator.com/companies/fini,2026-09-04T11:46:03.797465
Invofox,Invofox,unmatched-new,0.0,https://www.ycombinator.com/companies/invofox,2026-09-04T11:46:03.890486
HOMLI,HOMLI,unmatched-new,0.0,https://www.ycombinator.com/companies/homli,2026-09-04T11:46:03.906071
OneSchema,OneSchema,unmatched-new,0.0,https://www.ycombinator.com/companies/oneschema,2026-09-04T11:46:00.939715
Sonnet,Sonnet,unmatched-new,0.0,https://www.ycombinator.com/companies/sonnet,2026-09-04T11:46:03.925074
Boton,Boton,unmatched-new,0.0,https://www.ycombinator.com/companies/boton,2026-09-04T11:46:03.891495
Jasmine Energy,Jasmine Energy,unmatched-new,0.0,https://www.ycombinator.com/companies/jasmine-energy,2026-09-04T11:46:03.940070
Oneleet,Oneleet,unmatched-new,0.0,https://www.ycombinator.com/companies/oneleet,2026-09-04T11:46:03.953823
Wondercraft,Wondercraft,unmatched-new,0.0,https://www.ycombinator.com/companies/wondercraft,2026-09-04T11:46:03.968742
Clearline,Clearline,unmatched-new,0.0,https://www.ycombinator.com/companies/clearline,2026-09-04T11:46:03.985285
Monterey AI,Monterey AI,unmatched-new,0.0,https://www.ycombinator.com/companies/monterey-ai,2026-09-04T11:46:03.982285
Firecrawl,Firecrawl,unmatched-new,0.0,https://www.ycombinator.com/companies/firecrawl,2026-09-04T11:46:03.923075
Pump.co,Pump.co,unmatched-new,0.0,https://www.ycombinator.com/companies/pump-co,2026-09-04T11:46:03.998826
TypeLess,TypeLess,unmatched-new,0.0,https://www.ycombinator.com/companies/typeless,2026-09-04T11:46:03.912073
Knowtex,Knowtex,unmatched-new,0.0,https://www.ycombinator.com/companies/knowtex,2026-09-04T11:46:04.016398
Delfino AI,Delfino AI,unmatched-new,0.0,https://www.ycombinator.com/companies/delfino-ai,2026-09-04T11:46:04.033398
CAPSULE,CAPSULE,unmatched-new,0.0,https://www.ycombinator.com/companies/capsule,2026-09-04T11:46:04.032450
Cambio,Cambio,unmatched-new,0.0,https://www.ycombinator.com/companies/cambio-2,2026-09-04T11:46:04.050417
InVision Medical Technology,InVision Medical Technology,unmatched-new,0.0,https://www.ycombinator.com/companies/invision-medical-technology,2026-09-04T11:46:04.048397
Axle,Axle,unmatched-new,0.0,https://www.ycombinator.com/companies/axle,2026-09-04T11:46:04.063399
Lavo Life Sciences,Lavo Life Sciences,unmatched-new,0.0,https://www.ycombinator.com/companies/lavo-life-sciences,2026-09-04T11:46:04.014399
Hudson Labs (formerly Bedrock AI),Hudson Labs (formerly Bedrock AI),unmatched-new,0.0,https://www.ycombinator.com/companies/hudson-labs,2026-09-04T11:46:01.038840
Landeed,Landeed,unmatched-new,0.0,https://www.ycombinator.com/companies/landeed,2026-09-04T11:46:04.095017
Coverage Cat,Coverage Cat,unmatched-new,0.0,https://www.ycombinator.com/companies/coverage-cat,2026-09-04T11:46:04.125308
Intuned,Intuned,unmatched-new,0.0,https://www.ycombinator.com/companies/intuned,2026-09-04T11:46:04.091921
Chima,Chima,unmatched-new,0.0,https://www.ycombinator.com/companies/chima,2026-09-04T11:46:04.078402
Integrated Reasoning,Integrated Reasoning,unmatched-new,0.0,https://www.ycombinator.com/companies/integrated-reasoning,2026-09-04T11:46:04.141304
Polymath Robotics,Polymath Robotics,unmatched-new,0.0,https://www.ycombinator.com/companies/polymath-robotics,2026-09-04T11:46:04.162303
Sameday,Sameday,unmatched-new,0.0,https://www.ycombinator.com/companies/sameday,2026-09-04T11:46:04.175308
Rubbrband,Rubbrband,unmatched-new,0.0,https://www.ycombinator.com/companies/rubbrband,2026-09-04T11:46:04.205953
Dev Tools AI,Dev Tools AI,unmatched-new,0.0,https://www.ycombinator.com/companies/dev-tools-ai,2026-09-04T11:46:04.143305
Middleware,Middleware,unmatched-new,0.0,https://www.ycombinator.com/companies/middleware,2026-09-04T11:46:04.216953
zudo.work,zudo.work,unmatched-new,0.0,https://www.ycombinator.com/companies/zudowork,2026-09-04T11:46:04.190445
Designbase,Designbase,unmatched-new,0.0,https://www.ycombinator.com/companies/designbase,2026-09-04T11:46:04.231037
StackAI,StackAI,unmatched-new,0.0,https://www.ycombinator.com/companies/stackai,2026-09-04T11:46:04.233058
Reflex,Reflex,unmatched-new,0.0,https://www.ycombinator.com/companies/reflex,2026-09-04T11:46:04.249040
Blyss,Blyss,unmatched-new,0.0,https://www.ycombinator.com/companies/blyss,2026-09-04T11:46:04.250037
Linum,Linum,unmatched-new,0.0,https://www.ycombinator.com/companies/linum,2026-09-04T11:46:04.268129
Traceloop,Traceloop,unmatched-new,0.0,https://www.ycombinator.com/companies/traceloop,2026-09-04T11:46:04.285652
Syncly,Syncly,unmatched-new,0.0,https://www.ycombinator.com/companies/syncly,2026-09-04T11:46:04.308423
Trigger.dev,Trigger.dev,unmatched-new,0.0,https://www.ycombinator.com/companies/trigger-dev,2026-09-04T11:46:04.334424
Spark Studio,Spark Studio,unmatched-new,0.0,https://www.ycombinator.com/companies/spark-studio,2026-09-04T11:46:00.952713
Cardinal,Cardinal,unmatched-new,0.0,https://www.ycombinator.com/companies/cardinal,2026-09-04T11:46:04.339486
Credal.ai,Credal.ai,unmatched-new,0.0,https://www.ycombinator.com/companies/credal-ai,2026-09-04T11:46:04.342488
Novelcare,Novelcare,unmatched-new,0.0,https://www.ycombinator.com/companies/novelcare,2026-09-04T11:46:04.360746
Backdrop,Backdrop,unmatched-new,0.0,https://www.ycombinator.com/companies/backdrop,2026-09-04T11:46:04.377646
Latent,Latent,unmatched-new,0.0,https://www.ycombinator.com/companies/latent,2026-09-04T11:46:04.375585
Paperplane,Paperplane,unmatched-new,0.0,https://www.ycombinator.com/companies/paperplane,2026-09-04T11:46:04.344498
Demospace,Demospace,unmatched-new,0.0,https://www.ycombinator.com/companies/demospace,2026-09-04T11:46:04.420262
Lume,Lume,unmatched-new,0.0,https://www.ycombinator.com/companies/lume-2,2026-09-04T11:46:04.356487
Mulligan,Mulligan,unmatched-new,0.0,https://www.ycombinator.com/companies/mulligan,2026-09-04T11:46:04.394645
Palomma,Palomma,unmatched-new,0.0,https://www.ycombinator.com/companies/palomma,2026-09-04T11:46:04.454255
Parabolic,Parabolic,unmatched-new,0.0,https://www.ycombinator.com/companies/parabolic,2026-09-04T11:46:04.471258
Rubber Ducky Labs,Rubber Ducky Labs,unmatched-new,0.0,https://www.ycombinator.com/companies/rubber-ducky-labs,2026-09-04T11:46:04.493831
Double – Coding Copilot,Double – Coding Copilot,unmatched-new,0.0,https://www.ycombinator.com/companies/double-coding-copilot,2026-09-04T11:46:04.537648
Glass Health,Glass Health,unmatched-new,0.0,https://www.ycombinator.com/companies/glass-health,2026-09-04T11:46:04.546394
Pair AI,Pair AI,unmatched-new,0.0,https://www.ycombinator.com/companies/pair-ai,2026-09-04T11:46:04.504116
Mine,Mine,unmatched-new,0.0,https://www.ycombinator.com/companies/mine,2026-09-04T11:46:00.940789
Ohm,Ohm,unmatched-new,0.0,https://www.ycombinator.com/companies/ohm-2,2026-09-04T11:46:04.548394
Salient,Salient,unmatched-new,0.0,https://www.ycombinator.com/companies/salient,2026-09-04T11:46:04.590517
Versive,Versive,unmatched-new,0.0,https://www.ycombinator.com/companies/versive,2026-09-04T11:46:04.559395
Dataglade,Dataglade,unmatched-new,0.0,https://www.ycombinator.com/companies/dataglade,2026-09-04T11:46:04.606034
Narrative,Narrative,unmatched-new,0.0,https://www.ycombinator.com/companies/narrative,2026-09-04T11:46:04.619032
OpenSight,OpenSight,unmatched-new,0.0,https://www.ycombinator.com/companies/opensight,2026-09-04T11:46:04.639035
OfOne,OfOne,unmatched-new,0.0,https://www.ycombinator.com/companies/ofone,2026-09-04T11:46:04.636071
loopfour,loopfour,unmatched-new,0.0,https://www.ycombinator.com/companies/loopfour,2026-09-04T11:46:04.651033
Lynx,Lynx,unmatched-new,0.0,https://www.ycombinator.com/companies/lynx,2026-09-04T11:46:04.442257
infra.new,infra.new,unmatched-new,0.0,https://www.ycombinator.com/companies/infranew,2026-09-04T11:46:04.688576
PoplarML,PoplarML,unmatched-new,0.0,https://www.ycombinator.com/companies/poplarml,2026-09-04T11:46:04.697354
Gluetrail,Gluetrail,unmatched-new,0.0,https://www.ycombinator.com/companies/gluetrail,2026-09-04T11:46:04.668036
Liftigniter,Liftigniter,unmatched-new,0.0,https://www.ycombinator.com/companies/liftigniter,2026-09-04T11:45:54.837712
Neptyne,Neptyne,unmatched-new,0.0,https://www.ycombinator.com/companies/neptyne,2026-09-04T11:46:04.733827
Bluebirds,Bluebirds,unmatched-new,0.0,https://www.ycombinator.com/companies/bluebirds,2026-09-04T11:46:04.748834
LinkGrep,LinkGrep,unmatched-new,0.0,https://www.ycombinator.com/companies/linkgrep,2026-09-04T11:46:04.752918
CreatorML,CreatorML,unmatched-new,0.0,https://www.ycombinator.com/companies/creatorml,2026-09-04T11:46:04.706004
Cosine,Cosine,unmatched-new,0.0,https://www.ycombinator.com/companies/cosine,2026-09-04T11:46:04.754198
Scanbase,Scanbase,unmatched-new,0.0,https://www.ycombinator.com/companies/scanbase,2026-09-04T11:46:04.712018
Gooseworks,Gooseworks,unmatched-new,0.0,https://www.ycombinator.com/companies/gooseworks,2026-09-04T11:46:04.770205
Haven,Haven,unmatched-new,0.0,https://www.ycombinator.com/companies/haven-2,2026-09-04T11:46:04.811648
Dream3D,Dream3D,unmatched-new,0.0,https://www.ycombinator.com/companies/dream3d,2026-09-04T11:46:04.853432
No Cap,No Cap,unmatched-new,0.0,https://www.ycombinator.com/companies/no-cap,2026-09-04T11:46:04.833662
DataSuite,DataSuite,unmatched-new,0.0,https://www.ycombinator.com/companies/datasuite,2026-09-04T11:46:04.867431
coil inc.,coil inc.,unmatched-new,0.0,https://www.ycombinator.com/companies/coil-inc,2026-09-04T11:46:04.826456
Outerbase,Outerbase,unmatched-new,0.0,https://www.ycombinator.com/companies/outerbase,2026-09-04T11:46:04.886454
co.dev,co.dev,unmatched-new,0.0,https://www.ycombinator.com/companies/co-dev,2026-09-04T11:46:04.891451
Langfuse,Langfuse,unmatched-new,0.0,https://www.ycombinator.com/companies/langfuse,2026-09-04T11:46:04.906843
Extend,Extend,unmatched-new,0.0,https://www.ycombinator.com/companies/extend,2026-09-04T11:46:04.920837
Iliad,Iliad,unmatched-new,0.0,https://www.ycombinator.com/companies/iliad,2026-09-04T11:46:04.948844
Floworks,Floworks,unmatched-new,0.0,https://www.ycombinator.com/companies/floworks,2026-09-04T11:46:04.951840
Inkeep,Inkeep,unmatched-new,0.0,https://www.ycombinator.com/companies/inkeep,2026-09-04T11:46:04.957837
Wild Moose,Wild Moose,unmatched-new,0.0,https://www.ycombinator.com/companies/wild-moose,2026-09-04T11:46:04.986383
Velos,Velos,unmatched-new,0.0,https://www.ycombinator.com/companies/velos,2026-09-04T11:46:04.964845
ShortLoop,ShortLoop,unmatched-new,0.0,https://www.ycombinator.com/companies/shortloop,2026-09-04T11:46:05.030904
Booth AI,Booth AI,unmatched-new,0.0,https://www.ycombinator.com/companies/booth-ai,2026-09-04T11:46:05.046941
EzDubs,EzDubs,unmatched-new,0.0,https://www.ycombinator.com/companies/ezdubs,2026-09-04T11:46:04.999391
Frigade,Frigade,unmatched-new,0.0,https://www.ycombinator.com/companies/frigade,2026-09-04T11:46:04.785210
TableFlow,TableFlow,unmatched-new,0.0,https://www.ycombinator.com/companies/tableflow,2026-09-04T11:46:05.081038
KV Cash,KV Cash,unmatched-new,0.0,https://www.ycombinator.com/companies/kv-cash,2026-09-04T11:46:05.093402
1stCollab,1stCollab,unmatched-new,0.0,https://www.ycombinator.com/companies/1stcollab,2026-09-04T11:46:05.105986
Magicflow 𐂂,Magicflow 𐂂,unmatched-new,0.0,https://www.ycombinator.com/companies/magicflow,2026-09-04T11:46:05.114045
Orchid,Orchid,unmatched-new,0.0,https://www.ycombinator.com/companies/orchid,2026-09-04T11:46:05.079026
Variance,Variance,unmatched-new,0.0,https://www.ycombinator.com/companies/variance,2026-09-04T11:46:05.151042
Fintool,Fintool,unmatched-new,0.0,https://www.ycombinator.com/companies/fintool,2026-09-04T11:46:05.171043
FactIQ,FactIQ,unmatched-new,0.0,https://www.ycombinator.com/companies/factiq,2026-09-04T11:46:05.202439
222,222,unmatched-new,0.0,https://www.ycombinator.com/companies/222,2026-09-04T11:46:05.157088
Boundary,Boundary,unmatched-new,0.0,https://www.ycombinator.com/companies/boundary,2026-09-04T11:46:05.203442
SensorSurf,SensorSurf,unmatched-new,0.0,https://www.ycombinator.com/companies/sensorsurf,2026-09-04T11:46:05.230908
Sage AI,Sage AI,unmatched-new,0.0,https://www.ycombinator.com/companies/sage-ai,2026-09-04T11:46:05.208906
Fairway Health,Fairway Health,unmatched-new,0.0,https://www.ycombinator.com/companies/fairway-health,2026-09-04T11:46:05.249908
Shortbread,Shortbread,unmatched-new,0.0,https://www.ycombinator.com/companies/shortbread,2026-09-04T11:46:05.263906
Sherloq,Sherloq,unmatched-new,0.0,https://www.ycombinator.com/companies/sherloq,2026-09-04T11:46:05.278909
Hippo Scribe,Hippo Scribe,unmatched-new,0.0,https://www.ycombinator.com/companies/hippo-scribe,2026-09-04T11:46:05.319351
Finic,Finic,unmatched-new,0.0,https://www.ycombinator.com/companies/finic,2026-09-04T11:46:05.325358
CombineHealth,CombineHealth,unmatched-new,0.0,https://www.ycombinator.com/companies/combinehealth,2026-09-04T11:46:05.334872
Truewind,Truewind,unmatched-new,0.0,https://www.ycombinator.com/companies/truewind,2026-09-04T11:46:05.066952
Echo,Echo,unmatched-new,0.0,https://www.ycombinator.com/companies/echo,2026-09-04T11:46:05.341550
SuperKalam,SuperKalam,unmatched-new,0.0,https://www.ycombinator.com/companies/superkalam,2026-09-04T11:46:05.373547
Retape,Retape,unmatched-new,0.0,https://www.ycombinator.com/companies/retape,2026-09-04T11:46:05.404079
Coldreach,Coldreach,unmatched-new,0.0,https://www.ycombinator.com/companies/coldreach,2026-09-04T11:46:05.406081
Diffuse Bio,Diffuse Bio,unmatched-new,0.0,https://www.ycombinator.com/companies/diffuse-bio,2026-09-04T11:46:05.413079
Clueso,Clueso,unmatched-new,0.0,https://www.ycombinator.com/companies/clueso,2026-09-04T11:46:05.384545
Pylon,Pylon,unmatched-new,0.0,https://www.ycombinator.com/companies/pylon-2,2026-09-04T11:46:05.423123
Epsilon,Epsilon,unmatched-new,0.0,https://www.ycombinator.com/companies/epsilon,2026-09-04T11:46:05.450131
PlayAI,PlayAI,unmatched-new,0.0,https://www.ycombinator.com/companies/playai,2026-09-04T11:46:05.471555
Helios,Helios,unmatched-new,0.0,https://www.ycombinator.com/companies/helios,2026-09-04T11:46:05.462558
DAGWorks Inc.,DAGWorks Inc.,unmatched-new,0.0,https://www.ycombinator.com/companies/dagworks-inc,2026-09-04T11:46:05.488560
Corgi Labs,Corgi Labs,unmatched-new,0.0,https://www.ycombinator.com/companies/corgi-labs,2026-09-04T11:46:05.478583
OpenInt,OpenInt,unmatched-new,0.0,https://www.ycombinator.com/companies/openint,2026-09-04T11:46:05.513044
Maxi,Maxi,unmatched-new,0.0,https://www.ycombinator.com/companies/maxi,2026-09-04T11:46:05.495560
Hindsight,Hindsight,unmatched-new,0.0,https://www.ycombinator.com/companies/hindsight,2026-09-04T11:46:05.504048
Berry,Berry,unmatched-new,0.0,https://www.ycombinator.com/companies/berry,2026-09-04T11:46:05.556310
Decohere,Decohere,unmatched-new,0.0,https://www.ycombinator.com/companies/decohere,2026-09-04T11:46:05.530663
Vocode,Vocode,unmatched-new,0.0,https://www.ycombinator.com/companies/vocode,2026-09-04T11:46:05.614452
Persist AI,Persist AI,unmatched-new,0.0,https://www.ycombinator.com/companies/persist-ai,2026-09-04T11:46:05.563611
Interlock,Interlock,unmatched-new,0.0,https://www.ycombinator.com/companies/interlock,2026-09-04T11:46:05.572042
rex.fit,rex.fit,unmatched-new,0.0,https://www.ycombinator.com/companies/rex-fit,2026-09-04T11:46:05.578041
Benchmark,Benchmark,unmatched-new,0.0,https://www.ycombinator.com/companies/benchmark,2026-09-04T11:46:05.653451
Verata,Verata,unmatched-new,0.0,https://www.ycombinator.com/companies/verata,2026-09-04T11:46:05.678725
Luca,Luca,unmatched-new,0.0,https://www.ycombinator.com/companies/luca,2026-09-04T11:46:05.671725
Vector,Vector,unmatched-new,0.0,https://www.ycombinator.com/companies/vector,2026-09-04T11:46:05.712119
Fabius,Fabius,unmatched-new,0.0,https://www.ycombinator.com/companies/fabius,2026-09-04T11:46:05.637451
Metal,Metal,unmatched-new,0.0,https://www.ycombinator.com/companies/metal,2026-09-04T11:46:05.723384
Pier,Pier,unmatched-new,0.0,https://www.ycombinator.com/companies/pier,2026-09-04T11:46:05.700582
Kyber,Kyber,unmatched-new,0.0,https://www.ycombinator.com/companies/kyber,2026-09-04T11:46:05.737377
Conduit,Conduit,unmatched-new,0.0,https://www.ycombinator.com/companies/conduit,2026-09-04T11:46:05.541184
Persana AI,Persana AI,unmatched-new,0.0,https://www.ycombinator.com/companies/persana-ai,2026-09-04T11:46:05.761380
Vendora,Vendora,unmatched-new,0.0,https://www.ycombinator.com/companies/vendora,2026-09-04T11:46:05.782397
Adri AI,Adri AI,unmatched-new,0.0,https://www.ycombinator.com/companies/adri-ai,2026-09-04T11:46:05.790407
Lightski,Lightski,unmatched-new,0.0,https://www.ycombinator.com/companies/lightski,2026-09-04T11:46:05.808765
Warp,Warp,unmatched-new,0.0,https://www.ycombinator.com/companies/warp,2026-09-04T11:46:05.845806
Upfront,Upfront,unmatched-new,0.0,https://www.ycombinator.com/companies/upfront,2026-09-04T11:46:05.873801
Second,Second,unmatched-new,0.0,https://www.ycombinator.com/companies/second,2026-09-04T11:46:05.815752
LiteLLM,LiteLLM,unmatched-new,0.0,https://www.ycombinator.com/companies/litellm,2026-09-04T11:46:05.899358
Yuma AI,Yuma AI,unmatched-new,0.0,https://www.ycombinator.com/companies/yuma-ai,2026-09-04T11:46:05.904562
Vaero,Vaero,unmatched-new,0.0,https://www.ycombinator.com/companies/vaero,2026-09-04T11:46:05.912563
Automat,Automat,unmatched-new,0.0,https://www.ycombinator.com/companies/automat,2026-09-04T11:46:05.903550
Fetchr,Fetchr,unmatched-new,0.0,https://www.ycombinator.com/companies/fetchr,2026-09-04T11:46:05.866810
kapa.ai,kapa.ai,unmatched-new,0.0,https://www.ycombinator.com/companies/kapa-ai,2026-09-04T11:46:05.939614
Branch AI,Branch AI,unmatched-new,0.0,https://www.ycombinator.com/companies/branch-ai,2026-09-04T11:46:05.973277
Ora AI,Ora AI,unmatched-new,0.0,https://www.ycombinator.com/companies/ora-ai,2026-09-04T11:46:05.981510
Kino AI,Kino AI,unmatched-new,0.0,https://www.ycombinator.com/companies/kino-ai,2026-09-04T11:46:05.956614
Pando Bioscience,Pando Bioscience,unmatched-new,0.0,https://www.ycombinator.com/companies/pando-bioscience,2026-09-04T11:46:05.933606
Metoro,Metoro,unmatched-new,0.0,https://www.ycombinator.com/companies/metoro,2026-09-04T11:46:06.002516
Xeol,Xeol,unmatched-new,0.0,https://www.ycombinator.com/companies/xeol,2026-09-04T11:46:05.987508
Elyos AI,Elyos AI,unmatched-new,0.0,https://www.ycombinator.com/companies/elyos-ai,2026-09-04T11:46:06.034683
Clearest Health,Clearest Health,unmatched-new,0.0,https://www.ycombinator.com/companies/clearest-health,2026-09-04T11:46:06.012669
Magic Loops,Magic Loops,unmatched-new,0.0,https://www.ycombinator.com/companies/magic-loops,2026-09-04T11:46:06.073870
Remy,Remy,unmatched-new,0.0,https://www.ycombinator.com/companies/remy,2026-09-04T11:46:06.103596
Hyperbound,Hyperbound,unmatched-new,0.0,https://www.ycombinator.com/companies/hyperbound,2026-09-04T11:46:06.062787
Sohar Health,Sohar Health,unmatched-new,0.0,https://www.ycombinator.com/companies/sohar-health,2026-09-04T11:46:06.133014
Diligent,Diligent,unmatched-new,0.0,https://www.ycombinator.com/companies/diligent,2026-09-04T11:46:06.145424
Pointhound,Pointhound,unmatched-new,0.0,https://www.ycombinator.com/companies/pointhound,2026-09-04T11:46:06.161434
Accend,Accend,unmatched-new,0.0,https://www.ycombinator.com/companies/accend,2026-09-04T11:46:06.047787
PropRise,PropRise,unmatched-new,0.0,https://www.ycombinator.com/companies/proprise,2026-09-04T11:46:06.175416
Readily,Readily,unmatched-new,0.0,https://www.ycombinator.com/companies/readily,2026-09-04T11:46:06.183416
Casca,Casca,unmatched-new,0.0,https://www.ycombinator.com/companies/casca,2026-09-04T11:46:06.216875
Cedana,Cedana,unmatched-new,0.0,https://www.ycombinator.com/companies/cedana,2026-09-04T11:46:06.209945
Deasy Labs,Deasy Labs,unmatched-new,0.0,https://www.ycombinator.com/companies/deasy-labs,2026-09-04T11:46:06.057785
Lifelike,Lifelike,unmatched-new,0.0,https://www.ycombinator.com/companies/lifelike,2026-09-04T11:46:06.225872
Atla,Atla,unmatched-new,0.0,https://www.ycombinator.com/companies/atla,2026-09-04T11:46:06.255943
OpenTools,OpenTools,unmatched-new,0.0,https://www.ycombinator.com/companies/opentools,2026-09-04T11:46:06.234874
Talc,Talc,unmatched-new,0.0,https://www.ycombinator.com/companies/talc,2026-09-04T11:46:06.303969
Contour,Contour,unmatched-new,0.0,https://www.ycombinator.com/companies/contour,2026-09-04T11:46:06.307914
Prosper,Prosper,unmatched-new,0.0,https://www.ycombinator.com/companies/prosper,2026-09-04T11:46:06.294955
CodeParrot AI,CodeParrot AI,unmatched-new,0.0,https://www.ycombinator.com/companies/codeparrot-ai,2026-09-04T11:46:05.535184
CORE,CORE,unmatched-new,0.0,https://www.ycombinator.com/companies/heysol,2026-09-04T11:46:06.336558
Synch,Synch,unmatched-new,0.0,https://www.ycombinator.com/companies/synch,2026-09-04T11:46:06.310043
GreenTally,GreenTally,unmatched-new,0.0,https://www.ycombinator.com/companies/greentally,2026-09-04T11:46:06.364083
SID,SID,unmatched-new,0.0,https://www.ycombinator.com/companies/sid,2026-09-04T11:46:06.423302
Baud,Baud,unmatched-new,0.0,https://www.ycombinator.com/companies/baud,2026-09-04T11:46:06.402206
Spine AI,Spine AI,unmatched-new,0.0,https://www.ycombinator.com/companies/spine-ai,2026-09-04T11:46:06.374091
Campfire,Campfire,unmatched-new,0.0,https://www.ycombinator.com/companies/campfire-2,2026-09-04T11:46:06.445267
Alguna,Alguna,unmatched-new,0.0,https://www.ycombinator.com/companies/alguna,2026-09-04T11:46:06.447267
Venta AI,Venta AI,unmatched-new,0.0,https://www.ycombinator.com/companies/venta-ai,2026-09-04T11:46:06.475266
Parea,Parea,unmatched-new,0.0,https://www.ycombinator.com/companies/parea,2026-09-04T11:46:06.467267
Kite,Kite,unmatched-new,0.0,https://www.ycombinator.com/companies/kite,2026-09-04T11:46:06.528480
Punchcard,Punchcard,unmatched-new,0.0,https://www.ycombinator.com/companies/punchcard,2026-09-04T11:46:06.488421
Docsum,Docsum,unmatched-new,0.0,https://www.ycombinator.com/companies/docsum,2026-09-04T11:46:06.543465
Arcimus,Arcimus,unmatched-new,0.0,https://www.ycombinator.com/companies/arcimus,2026-09-04T11:46:06.556486
Bronco AI,Bronco AI,unmatched-new,0.0,https://www.ycombinator.com/companies/bronco-ai,2026-09-04T11:46:06.518467
Corgea,Corgea,unmatched-new,0.0,https://www.ycombinator.com/companies/corgea,2026-09-04T11:46:06.570852
Serra,Sierra,fuzzy,90.9090909090909,https://www.ycombinator.com/companies/serra,2026-09-04T11:46:06.587853
Shasta Health,Shasta Health,unmatched-new,0.0,https://www.ycombinator.com/companies/shasta-health,2026-09-04T11:46:06.611398
Outset,Outset,unmatched-new,0.0,https://www.ycombinator.com/companies/outset,2026-09-04T11:46:06.617839
FleetWorks,FleetWorks,unmatched-new,0.0,https://www.ycombinator.com/companies/fleetworks,2026-09-04T11:46:06.643587
Health Harbor,Health Harbor,unmatched-new,0.0,https://www.ycombinator.com/companies/health-harbor,2026-09-04T11:46:06.624838
Repaint,Repaint,unmatched-new,0.0,https://www.ycombinator.com/companies/repaint,2026-09-04T11:46:06.650588
Hadrius,Hadrius,unmatched-new,0.0,https://www.ycombinator.com/companies/hadrius,2026-09-04T11:46:05.236906
Cardinal Gray,Cardinal Gray,unmatched-new,0.0,https://www.ycombinator.com/companies/cardinal-gray,2026-09-04T11:46:06.675621
Skyvern,Skyvern,unmatched-new,0.0,https://www.ycombinator.com/companies/skyvern,2026-09-04T11:46:06.689462
Decoda Health,Decoda Health,unmatched-new,0.0,https://www.ycombinator.com/companies/decoda-health,2026-09-04T11:46:06.713796
Obento Health,Obento Health,unmatched-new,0.0,https://www.ycombinator.com/companies/obento-health,2026-09-04T11:46:06.535467
Numen,Numen,unmatched-new,0.0,https://www.ycombinator.com/companies/numen,2026-09-04T11:46:06.726862
Type,Type,unmatched-new,0.0,https://www.ycombinator.com/companies/type,2026-09-04T11:46:05.759378
VetRec,VetRec,unmatched-new,0.0,https://www.ycombinator.com/companies/vetrec,2026-09-04T11:46:06.735136
Lysto,Lysto,unmatched-new,0.0,https://www.ycombinator.com/companies/lysto,2026-09-04T11:46:06.762165
Epsilla,Epsilla,unmatched-new,0.0,https://www.ycombinator.com/companies/epsilla,2026-09-04T11:46:06.785135
Sidenote,Sidenote,unmatched-new,0.0,https://www.ycombinator.com/companies/sidenote,2026-09-04T11:46:06.793150
Unhaze,Unhaze,unmatched-new,0.0,https://www.ycombinator.com/companies/unhaze,2026-09-04T11:46:06.802149
Surface Labs,Surface Labs,unmatched-new,0.0,https://www.ycombinator.com/companies/surface-labs,2026-09-04T11:46:06.818699
Mandel AI,Mandel AI,unmatched-new,0.0,https://www.ycombinator.com/companies/mandel-ai,2026-09-04T11:46:06.290960
Maven Bio,Maven Bio,unmatched-new,0.0,https://www.ycombinator.com/companies/maven-bio,2026-09-04T11:46:06.833950
MediSearch,MediSearch,unmatched-new,0.0,https://www.ycombinator.com/companies/medisearch,2026-09-04T11:46:06.853224
Vizly,Vizly,unmatched-new,0.0,https://www.ycombinator.com/companies/vizly,2026-09-04T11:46:06.878271
Indexical,Indexical,unmatched-new,0.0,https://www.ycombinator.com/companies/indexical,2026-09-04T11:46:04.413295
Empirical Health,Empirical Health,unmatched-new,0.0,https://www.ycombinator.com/companies/empirical-health,2026-09-04T11:46:06.918866
Midrender,Midrender,unmatched-new,0.0,https://www.ycombinator.com/companies/midrender,2026-09-04T11:46:06.869332
Guac,Guac,unmatched-new,0.0,https://www.ycombinator.com/companies/guac,2026-09-04T11:46:06.943039
AgentCollect,AgentCollect,unmatched-new,0.0,https://www.ycombinator.com/companies/agentcollect,2026-09-04T11:46:06.894296
Continue,Continue,unmatched-new,0.0,https://www.ycombinator.com/companies/continue,2026-09-04T11:46:06.967050
Rimward,Rimward,unmatched-new,0.0,https://www.ycombinator.com/companies/rimward,2026-09-04T11:46:06.974111
Glade,Glade,unmatched-new,0.0,https://www.ycombinator.com/companies/glade,2026-09-04T11:46:06.946039
Dialtone,Dialtone,unmatched-new,0.0,https://www.ycombinator.com/companies/dialtone,2026-09-04T11:46:06.655585
Studdy,Studdy,unmatched-new,0.0,https://www.ycombinator.com/companies/studdy,2026-09-04T11:46:07.029245
Gleam,Gleam,unmatched-new,0.0,https://www.ycombinator.com/companies/gleam,2026-09-04T11:46:07.056246
Pincites,Pincites,unmatched-new,0.0,https://www.ycombinator.com/companies/pincites,2026-09-04T11:46:06.999641
sizeless,sizeless,unmatched-new,0.0,https://www.ycombinator.com/companies/sizeless,2026-09-04T11:46:06.987651
Trainy,Trainy,unmatched-new,0.0,https://www.ycombinator.com/companies/trainy,2026-09-04T11:46:07.005315
Slicker,Slicker,unmatched-new,0.0,https://www.ycombinator.com/companies/slicker,2026-09-04T11:46:07.081249
Khoj,Khoj,unmatched-new,0.0,https://www.ycombinator.com/companies/khoj,2026-09-04T11:46:07.088248
Bolto,Bolto,unmatched-new,0.0,https://www.ycombinator.com/companies/bolto,2026-09-04T11:46:07.067275
Energent AI,Energent AI,unmatched-new,0.0,https://www.ycombinator.com/companies/energent-ai,2026-09-04T11:46:07.105256
Rankai,Rankai,unmatched-new,0.0,https://www.ycombinator.com/companies/rankai,2026-09-04T11:46:07.152332
Flint,Flint,unmatched-new,0.0,https://www.ycombinator.com/companies/flint-2,2026-09-04T11:46:07.139332
Vango AI,Vango AI,unmatched-new,0.0,https://www.ycombinator.com/companies/vango-ai,2026-09-04T11:46:07.162331
Automorphic,Automorphic,unmatched-new,0.0,https://www.ycombinator.com/companies/automorphic,2026-09-04T11:46:07.181331
Sola,Sola,unmatched-new,0.0,https://www.ycombinator.com/companies/sola,2026-09-04T11:46:07.182331
Baserun,Baserun,unmatched-new,0.0,https://www.ycombinator.com/companies/baserun,2026-09-04T11:46:07.223019
DisputeNinja,DisputeNinja,unmatched-new,0.0,https://www.ycombinator.com/companies/disputeninja,2026-09-04T11:46:07.243966
Chatter,Chatter,unmatched-new,0.0,https://www.ycombinator.com/companies/chatter,2026-09-04T11:46:07.246941
Silimate,Silimate,unmatched-new,0.0,https://www.ycombinator.com/companies/silimate,2026-09-04T11:46:07.271079
Malloc Inc,Malloc Inc,unmatched-new,0.0,https://www.ycombinator.com/companies/malloc-inc,2026-09-04T11:46:00.879573
Sweep,Sweep,unmatched-new,0.0,https://www.ycombinator.com/companies/sweep,2026-09-04T11:46:07.284086
Andromeda Surgical,Andromeda Surgical,unmatched-new,0.0,https://www.ycombinator.com/companies/andromeda-surgical,2026-09-04T11:46:07.251940
sudocode,sudocode,unmatched-new,0.0,https://www.ycombinator.com/companies/sudocode,2026-09-04T11:46:07.299090
VectorShift,VectorShift,unmatched-new,0.0,https://www.ycombinator.com/companies/vectorshift,2026-09-04T11:46:07.245940
Inari,Inari,unmatched-new,0.0,https://www.ycombinator.com/companies/inari,2026-09-04T11:46:07.259939
Inventive AI,Inventive AI,unmatched-new,0.0,https://www.ycombinator.com/companies/inventive-ai,2026-09-04T11:46:07.318377
Langdock,Langdock,unmatched-new,0.0,https://www.ycombinator.com/companies/langdock,2026-09-04T11:46:07.341078
Elythea,Elythea,unmatched-new,0.0,https://www.ycombinator.com/companies/elythea,2026-09-04T11:46:07.384063
Cedalio,Cedalio,unmatched-new,0.0,https://www.ycombinator.com/companies/cedalio,2026-09-04T11:46:07.409708
Movley,Movley,unmatched-new,0.0,https://www.ycombinator.com/companies/movley,2026-09-04T11:46:07.357061
Fiber AI,Fiber AI,unmatched-new,0.0,https://www.ycombinator.com/companies/fiber-ai,2026-09-04T11:46:07.428775
HappyRobot,HappyRobot,unmatched-new,0.0,https://www.ycombinator.com/companies/happyrobot,2026-09-04T11:46:07.400146
Minded,Minded,unmatched-new,0.0,https://www.ycombinator.com/companies/minded,2026-09-04T11:46:07.434727
Bretton AI,Bretton AI,unmatched-new,0.0,https://www.ycombinator.com/companies/bretton-ai,2026-09-04T11:46:06.868270
Quill Bills,Quill Bills,unmatched-new,0.0,https://www.ycombinator.com/companies/quill-bills,2026-09-04T11:46:07.451728
Terracotta AI,Terracotta AI,unmatched-new,0.0,https://www.ycombinator.com/companies/terracotta-ai,2026-09-04T11:46:07.411708
Cair Health,Caire Health,fuzzy,95.65217391304348,https://www.ycombinator.com/companies/cair-health,2026-09-04T11:46:07.462731
Webhound,Webhound,unmatched-new,0.0,https://www.ycombinator.com/companies/webhound,2026-09-04T11:46:07.502113
dili,dili,unmatched-new,0.0,https://www.ycombinator.com/companies/dili,2026-09-04T11:46:07.524064
Strada,Strada,unmatched-new,0.0,https://www.ycombinator.com/companies/strada,2026-09-04T11:46:07.441728
Roame,Roame,unmatched-new,0.0,https://www.ycombinator.com/companies/roame,2026-09-04T11:46:07.561345
Inconvo,Inconvo,unmatched-new,0.0,https://www.ycombinator.com/companies/inconvo,2026-09-04T11:46:07.584344
FlowiseAI,FlowiseAI,unmatched-new,0.0,https://www.ycombinator.com/companies/flowiseai,2026-09-04T11:46:07.594358
AiSDR,AiSDR,unmatched-new,0.0,https://www.ycombinator.com/companies/aisdr,2026-09-04T11:46:07.618469
Saatvy,Saatvy,unmatched-new,0.0,https://www.ycombinator.com/companies/saatvy,2026-09-04T11:46:07.601352
Kips Health,Kips Health,unmatched-new,0.0,https://www.ycombinator.com/companies/kips-health,2026-09-04T11:46:07.575357
Giga,Giga,unmatched-new,0.0,https://www.ycombinator.com/companies/giga,2026-09-04T11:46:07.620486
Twine,Twine,unmatched-new,0.0,https://www.ycombinator.com/companies/twine,2026-09-04T11:46:07.665520
Simbie AI,Simbie AI,unmatched-new,0.0,https://www.ycombinator.com/companies/simbie-ai,2026-09-04T11:46:07.642478
Mocha,Mocha,unmatched-new,0.0,https://www.ycombinator.com/companies/mocha,2026-09-04T11:46:07.681520
Structured Labs,Structured Labs,unmatched-new,0.0,https://www.ycombinator.com/companies/structured-labs,2026-09-04T11:46:07.688546
Foundation,Foundation,unmatched-new,0.0,https://www.ycombinator.com/companies/foundation-2,2026-09-04T11:46:07.628477
Morph,Morph,unmatched-new,0.0,https://www.ycombinator.com/companies/morph,2026-09-04T11:46:07.705073
goodfin,goodfin,unmatched-new,0.0,https://www.ycombinator.com/companies/goodfin,2026-09-04T11:46:02.244835
truemetrics,truemetrics,unmatched-new,0.0,https://www.ycombinator.com/companies/truemetrics,2026-09-04T11:46:07.733189
Constructable,Constructable,unmatched-new,0.0,https://www.ycombinator.com/companies/constructable,2026-09-04T11:46:07.713094
Wattson Health,Wattson Health,unmatched-new,0.0,https://www.ycombinator.com/companies/wattson-health,2026-09-04T11:46:07.721189
Autotab,Autotab,unmatched-new,0.0,https://www.ycombinator.com/companies/autotab,2026-09-04T11:46:07.758193
jo,jo,unmatched-new,0.0,https://www.ycombinator.com/companies/jo,2026-09-04T11:46:07.785190
Catamaran,Catamaran,unmatched-new,0.0,https://www.ycombinator.com/companies/catamaran,2026-09-04T11:46:07.791189
Cognitio Labs,Cognitio Labs,unmatched-new,0.0,https://www.ycombinator.com/companies/cognitio-labs,2026-09-04T11:46:07.760190
CodeStory,CodeStory,unmatched-new,0.0,https://www.ycombinator.com/companies/codestory,2026-09-04T11:46:07.801194
Orbio Earth,Orbio Earth,unmatched-new,0.0,https://www.ycombinator.com/companies/orbio-earth,2026-09-04T11:46:07.813717
Rollstack,Rollstack,unmatched-new,0.0,https://www.ycombinator.com/companies/rollstack-2,2026-09-04T11:46:04.341487
Goldbridge,Goldbridge,unmatched-new,0.0,https://www.ycombinator.com/companies/goldbridge,2026-09-04T11:46:07.847117
Nowadays,Nowadays,unmatched-new,0.0,https://www.ycombinator.com/companies/nowadays,2026-09-04T11:46:07.744194
Onyx,Onyx,unmatched-new,0.0,https://www.ycombinator.com/companies/onyx,2026-09-04T11:46:07.857117
Upsolve AI,Upsolve AI,unmatched-new,0.0,https://www.ycombinator.com/companies/upsolve-ai,2026-09-04T11:46:07.880119
Letterbook,Letterbook,unmatched-new,0.0,https://www.ycombinator.com/companies/letterbook,2026-09-04T11:46:07.839115
Event Horizon Labs,Event Horizon Labs,unmatched-new,0.0,https://www.ycombinator.com/companies/event-horizon-labs,2026-09-04T11:46:07.867117
Navier AI,Navier AI,unmatched-new,0.0,https://www.ycombinator.com/companies/navier-ai,2026-09-04T11:46:07.913663
OpenPipe,OpenPipe,unmatched-new,0.0,https://www.ycombinator.com/companies/openpipe,2026-09-04T11:46:07.922375
DryMerge,DryMerge,unmatched-new,0.0,https://www.ycombinator.com/companies/drymerge,2026-09-04T11:46:07.907654
Legora,Legora,unmatched-new,0.0,https://www.ycombinator.com/companies/legora,2026-09-04T11:46:07.961391
ego,ego,unmatched-new,0.0,https://www.ycombinator.com/companies/ego,2026-09-04T11:46:07.974908
Cora,Cora,unmatched-new,0.0,https://www.ycombinator.com/companies/cora,2026-09-04T11:46:07.981434
Scritch,Scritch,unmatched-new,0.0,https://www.ycombinator.com/companies/scritch,2026-09-04T11:46:07.939391
RadMate AI,RadMate AI,unmatched-new,0.0,https://www.ycombinator.com/companies/radmate-ai,2026-09-04T11:46:07.943393
Ubicloud,Ubicloud,unmatched-new,0.0,https://www.ycombinator.com/companies/ubicloud,2026-09-04T11:46:08.016154
Subsets,Subsets,unmatched-new,0.0,https://www.ycombinator.com/companies/subsets,2026-09-04T11:46:06.350922
Greptile,Greptile,unmatched-new,0.0,https://www.ycombinator.com/companies/greptile,2026-09-04T11:46:08.020197
Duckie,Duckie,unmatched-new,0.0,https://www.ycombinator.com/companies/duckie,2026-09-04T11:46:08.061670
ion design,ion design,unmatched-new,0.0,https://www.ycombinator.com/companies/ion-design,2026-09-04T11:46:08.086671
Happenstance,Happenstance,unmatched-new,0.0,https://www.ycombinator.com/companies/happenstance,2026-09-04T11:46:08.052206
Sonia,Sonia,unmatched-new,0.0,https://www.ycombinator.com/companies/sonia,2026-09-04T11:46:08.115207
Concourse,Concourse,unmatched-new,0.0,https://www.ycombinator.com/companies/concourse,2026-09-04T11:46:04.357487
Tracecat,Tracecat,unmatched-new,0.0,https://www.ycombinator.com/companies/tracecat,2026-09-04T11:46:08.125844
Tekton Dynamics,Tekton Dynamics,unmatched-new,0.0,https://www.ycombinator.com/companies/tekton-dynamics,2026-09-04T11:46:08.128844
Precip,Precip,unmatched-new,0.0,https://www.ycombinator.com/companies/precip,2026-09-04T11:46:08.177032
Nuanced,Nuanced,unmatched-new,0.0,https://www.ycombinator.com/companies/nuanced,2026-09-04T11:46:08.179031
Kabilah,Kabilah,unmatched-new,0.0,https://www.ycombinator.com/companies/kabilah,2026-09-04T11:46:08.117822
Poka Labs,Poka Labs,unmatched-new,0.0,https://www.ycombinator.com/companies/poka-labs,2026-09-04T11:46:08.187031
Andon Labs,Andon Labs,unmatched-new,0.0,https://www.ycombinator.com/companies/andon-labs,2026-09-04T11:46:08.197565
Tuesday Labs,Tuesday Labs,unmatched-new,0.0,https://www.ycombinator.com/companies/tuesday-labs,2026-09-04T11:46:08.231637
Quary,Quary,unmatched-new,0.0,https://www.ycombinator.com/companies/quary,2026-09-04T11:46:08.275573
Saga AI,Saga AI,unmatched-new,0.0,https://www.ycombinator.com/companies/saga-ai,2026-09-04T11:46:08.260637
Reducto,Reducto,unmatched-new,0.0,https://www.ycombinator.com/companies/reducto,2026-09-04T11:46:08.212640
Pretzel AI,Pretzel AI,unmatched-new,0.0,https://www.ycombinator.com/companies/pretzel-ai,2026-09-04T11:46:08.296579
Alex,Alex,unmatched-new,0.0,https://www.ycombinator.com/companies/alex-com,2026-09-04T11:46:08.287574
Pivot Robotics,Pivot Robotics,unmatched-new,0.0,https://www.ycombinator.com/companies/pivot-robotics,2026-09-04T11:46:08.354679
Keystroke,Keystroke,unmatched-new,0.0,https://www.ycombinator.com/companies/keystroke,2026-09-04T11:46:08.334889
Agentic Labs,Agentic Labs,unmatched-new,0.0,https://www.ycombinator.com/companies/agentic-labs-2,2026-09-04T11:46:08.365613
nCompass Technologies,nCompass Technologies,unmatched-new,0.0,https://www.ycombinator.com/companies/ncompass-technologies,2026-09-04T11:46:08.311629
Leaping,Leaping,unmatched-new,0.0,https://www.ycombinator.com/companies/leaping,2026-09-04T11:46:08.401628
Basalt,Basalt,unmatched-new,0.0,https://www.ycombinator.com/companies/basalt,2026-09-04T11:46:08.383613
AveryIQ,AveryIQ,unmatched-new,0.0,https://www.ycombinator.com/companies/averyiq,2026-09-04T11:46:08.422191
Momentic,Momentic,unmatched-new,0.0,https://www.ycombinator.com/companies/momentic,2026-09-04T11:46:08.221638
PointOne,PointOne,unmatched-new,0.0,https://www.ycombinator.com/companies/pointone,2026-09-04T11:46:08.455188
CustomerOS,CustomerOS,unmatched-new,0.0,https://www.ycombinator.com/companies/customeros,2026-09-04T11:46:03.118631
Arini,Arini,unmatched-new,0.0,https://www.ycombinator.com/companies/arini,2026-09-04T11:46:08.477163
Patchwork,Patchwork,unmatched-new,0.0,https://www.ycombinator.com/companies/patchwork,2026-09-04T11:46:08.433186
Artisan,Artisan,unmatched-new,0.0,https://www.ycombinator.com/companies/artisan,2026-09-04T11:46:08.496094
Eggnog,Eggnog,unmatched-new,0.0,https://www.ycombinator.com/companies/eggnog,2026-09-04T11:46:08.542834
Greenboard,Greenboard,unmatched-new,0.0,https://www.ycombinator.com/companies/greenboard,2026-09-04T11:46:08.564829
Trellis AI,Trellis AI,unmatched-new,0.0,https://www.ycombinator.com/companies/trellis-ai,2026-09-04T11:46:08.569833
Simplex,Simplex,unmatched-new,0.0,https://www.ycombinator.com/companies/simplex,2026-09-04T11:46:08.538829
Ecliptor,Ecliptor,unmatched-new,0.0,https://www.ycombinator.com/companies/ecliptor,2026-09-04T11:46:08.584842
Panelytic,Panelytic,unmatched-new,0.0,https://www.ycombinator.com/companies/panelytic,2026-09-04T11:46:08.587831
Topo,Topo,unmatched-new,0.0,https://www.ycombinator.com/companies/topo,2026-09-04T11:46:08.575829
Copper Health,Copper Health,unmatched-new,0.0,https://www.ycombinator.com/companies/copper-health,2026-09-04T11:46:08.604844
ROE,ROE,unmatched-new,0.0,https://www.ycombinator.com/companies/roe,2026-09-04T11:46:08.507492
Blume Benefits,Blume Benefits,unmatched-new,0.0,https://www.ycombinator.com/companies/blume-benefits,2026-09-04T11:46:08.633358
Tusk,Tusk,unmatched-new,0.0,https://www.ycombinator.com/companies/tusk,2026-09-04T11:46:08.631356
OneGrep,OneGrep,unmatched-new,0.0,https://www.ycombinator.com/companies/onegrep,2026-09-04T11:46:08.665358
Meticulate,Meticulate,unmatched-new,0.0,https://www.ycombinator.com/companies/meticulate,2026-09-04T11:46:08.673389
PromptArmor,PromptArmor,unmatched-new,0.0,https://www.ycombinator.com/companies/promptarmor,2026-09-04T11:46:08.691368
Attunement,Attunement,unmatched-new,0.0,https://www.ycombinator.com/companies/attunement,2026-09-04T11:46:08.657369
Respan,Respan,unmatched-new,0.0,https://www.ycombinator.com/companies/respan,2026-09-04T11:46:08.711907
Central,Central,unmatched-new,0.0,https://www.ycombinator.com/companies/central,2026-09-04T11:46:08.724468
Guide Labs,Guide Labs,unmatched-new,0.0,https://www.ycombinator.com/companies/guide-labs,2026-09-04T11:46:08.733473
Glimmer,Glimmer,unmatched-new,0.0,https://www.ycombinator.com/companies/glimmer,2026-09-04T11:46:08.688366
Speck,Speck,unmatched-new,0.0,https://www.ycombinator.com/companies/speck,2026-09-04T11:46:08.774508
Polished,Polished,unmatched-new,0.0,https://www.ycombinator.com/companies/polished,2026-09-04T11:46:08.767507
Decipher AI,Decipher AI,unmatched-new,0.0,https://www.ycombinator.com/companies/decipher-ai,2026-09-04T11:46:08.784508
LemonSlice,LemonSlice,unmatched-new,0.0,https://www.ycombinator.com/companies/lemonslice,2026-09-04T11:46:08.783508
Toolify,Toolify,unmatched-new,0.0,https://www.ycombinator.com/companies/toolify,2026-09-04T11:46:08.826221
Monumint,Monumint,unmatched-new,0.0,https://www.ycombinator.com/companies/monumint,2026-09-04T11:46:08.713915
Clarion,Clarion,unmatched-new,0.0,https://www.ycombinator.com/companies/clarion,2026-09-04T11:46:08.837191
Tamarind Bio,Tamarind Bio,unmatched-new,0.0,https://www.ycombinator.com/companies/tamarind-bio,2026-09-04T11:46:08.854195
GloGlo,GloGlo,unmatched-new,0.0,https://www.ycombinator.com/companies/gloglo,2026-09-04T11:46:08.851192
InQuery,InQuery,unmatched-new,0.0,https://www.ycombinator.com/companies/inquery-2,2026-09-04T11:46:08.856193
PandasAI,PandasAI,unmatched-new,0.0,https://www.ycombinator.com/companies/pandasai,2026-09-04T11:46:08.880190
Vibrant Labs,Vibrant Labs,unmatched-new,0.0,https://www.ycombinator.com/companies/vibrant-labs,2026-09-04T11:46:08.894222
Layup,Layup,unmatched-new,0.0,https://www.ycombinator.com/companies/layup,2026-09-04T11:46:04.345486
Fuse,Fuse,unmatched-new,0.0,https://www.ycombinator.com/companies/fuse-2,2026-09-04T11:46:08.932316
Firebender,Firebender,unmatched-new,0.0,https://www.ycombinator.com/companies/firebender,2026-09-04T11:46:08.953318
Parallel,Parallel,unmatched-new,0.0,https://www.ycombinator.com/companies/parallel,2026-09-04T11:46:08.917742
Feldy,Feldy,unmatched-new,0.0,https://www.ycombinator.com/companies/feldy,2026-09-04T11:46:08.961421
crmCopilot,crmCopilot,unmatched-new,0.0,https://www.ycombinator.com/companies/crmcopilot,2026-09-04T11:46:08.994127
Resonance,Resonance,unmatched-new,0.0,https://www.ycombinator.com/companies/resonance,2026-09-04T11:46:08.963432
NanoCorp,NanoCorp,unmatched-new,0.0,https://www.ycombinator.com/companies/nanocorp,2026-09-04T11:46:09.003093
Tiptap,Tiptap,unmatched-new,0.0,https://www.ycombinator.com/companies/tiptap,2026-09-04T11:46:07.433727
Salvy,Salvy,unmatched-new,0.0,https://www.ycombinator.com/companies/salvy,2026-09-04T11:46:09.028191
Pazi,Pazi,unmatched-new,0.0,https://www.ycombinator.com/companies/pazi,2026-09-04T11:46:09.067203
Ellipsis,Ellipsis,unmatched-new,0.0,https://www.ycombinator.com/companies/ellipsis,2026-09-04T11:46:09.074722
Open,Open,unmatched-new,0.0,https://www.ycombinator.com/companies/open,2026-09-04T11:46:09.048193
Draftaid,Draftaid,unmatched-new,0.0,https://www.ycombinator.com/companies/draftaid,2026-09-04T11:46:09.088719
Sagaland,Sagaland,unmatched-new,0.0,https://www.ycombinator.com/companies/sagaland,2026-09-04T11:46:09.115882
Browser Buddy,Browser Buddy,unmatched-new,0.0,https://www.ycombinator.com/companies/browser-buddy,2026-09-04T11:46:09.118888
Preloop,Preloop,unmatched-new,0.0,https://www.ycombinator.com/companies/preloop,2026-09-04T11:46:09.144404
Carma,Carma,unmatched-new,0.0,https://www.ycombinator.com/companies/carma,2026-09-04T11:46:09.154393
Superagent,Superagent,unmatched-new,0.0,https://www.ycombinator.com/companies/superagent,2026-09-04T11:46:09.134412
Toma,Toma,unmatched-new,0.0,https://www.ycombinator.com/companies/toma,2026-09-04T11:46:09.197481
Trieve,Trieve,unmatched-new,0.0,https://www.ycombinator.com/companies/trieve,2026-09-04T11:46:09.206435
Whip,Whip,unmatched-new,0.0,https://www.ycombinator.com/companies/whip,2026-09-04T11:46:09.210978
Soundry AI,Soundry AI,unmatched-new,0.0,https://www.ycombinator.com/companies/soundry-ai,2026-09-04T11:46:09.221503
Solari AI,Solari AI,unmatched-new,0.0,https://www.ycombinator.com/companies/solari-ai,2026-09-04T11:46:09.068203
Hazel,Hazel,unmatched-new,0.0,https://www.ycombinator.com/companies/hazel-2,2026-09-04T11:46:09.222513
Overeasy,Overeasy,unmatched-new,0.0,https://www.ycombinator.com/companies/overeasy,2026-09-04T11:46:09.240358
Centralize,Centralize,unmatched-new,0.0,https://www.ycombinator.com/companies/centralize,2026-09-04T11:46:09.009184
Andy AI,Andy AI,unmatched-new,0.0,https://www.ycombinator.com/companies/andy-ai,2026-09-04T11:46:09.257642
Abel,Abel,unmatched-new,0.0,https://www.ycombinator.com/companies/abel,2026-09-04T11:46:09.305655
OffDeal,OffDeal,unmatched-new,0.0,https://www.ycombinator.com/companies/offdeal,2026-09-04T11:46:09.292648
EdgeTrace,EdgeTrace,unmatched-new,0.0,https://www.ycombinator.com/companies/edgetrace,2026-09-04T11:46:09.333397
Clarum,Clarum,unmatched-new,0.0,https://www.ycombinator.com/companies/clarum,2026-09-04T11:46:09.336396
Manifold Freight,Manifold Freight,unmatched-new,0.0,https://www.ycombinator.com/companies/manifold-freight,2026-09-04T11:46:09.341023
ProSights,ProSights,unmatched-new,0.0,https://www.ycombinator.com/companies/prosights,2026-09-04T11:46:09.350031
Centauri AI,Centauri AI,unmatched-new,0.0,https://www.ycombinator.com/companies/centauri-ai,2026-09-04T11:46:09.360030
Raindrop,Raindrop,unmatched-new,0.0,https://www.ycombinator.com/companies/raindrop,2026-09-04T11:46:09.368030
Aedilic,Aedilic,unmatched-new,0.0,https://www.ycombinator.com/companies/aedilic,2026-09-04T11:46:09.055195
JustAI,JustAI,unmatched-new,0.0,https://www.ycombinator.com/companies/justai,2026-09-04T11:46:09.406057
BetterBasket,BetterBasket,unmatched-new,0.0,https://www.ycombinator.com/companies/betterbasket,2026-09-04T11:46:09.416198
Risotto,Risotto,unmatched-new,0.0,https://www.ycombinator.com/companies/risotto,2026-09-04T11:46:09.397065
Ligo Biosciences,Ligo Biosciences,unmatched-new,0.0,https://www.ycombinator.com/companies/ligo-biosciences,2026-09-04T11:46:09.455186
Brainbase Labs,Brainbase Labs,unmatched-new,0.0,https://www.ycombinator.com/companies/brainbase-labs,2026-09-04T11:46:09.472173
Lumetric,Lumetric,unmatched-new,0.0,https://www.ycombinator.com/companies/lumetric,2026-09-04T11:46:09.489308
Alai,Alai,unmatched-new,0.0,https://www.ycombinator.com/companies/alai,2026-09-04T11:46:09.504943
Focal,Focal,unmatched-new,0.0,https://www.ycombinator.com/companies/focal,2026-09-04T11:46:09.479299
Diana,Diana,unmatched-new,0.0,https://www.ycombinator.com/companies/diana,2026-09-04T11:46:09.400041
Deep24,Deep24,unmatched-new,0.0,https://www.ycombinator.com/companies/deep24,2026-09-04T11:46:09.555146
Model ML,Model ML,unmatched-new,0.0,https://www.ycombinator.com/companies/model-ml,2026-09-04T11:46:09.431205
Thorntale,Thorntale,unmatched-new,0.0,https://www.ycombinator.com/companies/thorntale,2026-09-04T11:46:09.557126
Yondu,Yondu,unmatched-new,0.0,https://www.ycombinator.com/companies/yondu,2026-09-04T11:46:09.375031
Zep AI,Zep AI,unmatched-new,0.0,https://www.ycombinator.com/companies/zep-ai,2026-09-04T11:46:09.577135
HeartByte,HeartByte,unmatched-new,0.0,https://www.ycombinator.com/companies/heartbyte,2026-09-04T11:46:09.377055
Brewit,Brewit,unmatched-new,0.0,https://www.ycombinator.com/companies/brewit,2026-09-04T11:46:04.428259
Terrakotta,Terrakotta,unmatched-new,0.0,https://www.ycombinator.com/companies/terrakotta,2026-09-04T11:46:09.607159
Spark,Spark,unmatched-new,0.0,https://www.ycombinator.com/companies/spark,2026-09-04T11:46:09.648654
Openmart,Openmart,unmatched-new,0.0,https://www.ycombinator.com/companies/openmart,2026-09-04T11:46:09.564132
Rove,Rove,unmatched-new,0.0,https://www.ycombinator.com/companies/rove,2026-09-04T11:46:09.658653
camelAI,camelAI,unmatched-new,0.0,https://www.ycombinator.com/companies/camelai,2026-09-04T11:46:09.650655
Deepnight,Deepnight,unmatched-new,0.0,https://www.ycombinator.com/companies/deepnight,2026-09-04T11:46:09.703934
Retell AI,Retell AI,unmatched-new,0.0,https://www.ycombinator.com/companies/retell-ai,2026-09-04T11:46:09.699021
Basepilot,Basepilot,unmatched-new,0.0,https://www.ycombinator.com/companies/basepilot,2026-09-04T11:46:09.738591
Veles,Veles,unmatched-new,0.0,https://www.ycombinator.com/companies/veles,2026-09-04T11:46:09.766157
Adapted,Adapted,unmatched-new,0.0,https://www.ycombinator.com/companies/adapted,2026-09-04T11:46:09.696976
Marblism,Marblism,unmatched-new,0.0,https://www.ycombinator.com/companies/marblism,2026-09-04T11:46:09.782557
Aqua Voice,Aqua Voice,unmatched-new,0.0,https://www.ycombinator.com/companies/aqua-voice,2026-09-04T11:46:09.724915
Lumona,Lumona,unmatched-new,0.0,https://www.ycombinator.com/companies/lumona,2026-09-04T11:46:09.804608
Fluently,Fluently,unmatched-new,0.0,https://www.ycombinator.com/companies/fluently,2026-09-04T11:46:09.772557
Ryse,Ryse,unmatched-new,0.0,https://www.ycombinator.com/companies/ryse,2026-09-04T11:46:09.820121
Magic Hour,Magic Hour,unmatched-new,0.0,https://www.ycombinator.com/companies/magic-hour,2026-09-04T11:46:09.831666
CommodityAI,CommodityAI,unmatched-new,0.0,https://www.ycombinator.com/companies/commodityai,2026-09-04T11:46:09.780558
Arcane,Arcane,unmatched-new,0.0,https://www.ycombinator.com/companies/arcane,2026-09-04T11:46:09.849668
Ocular AI,Ocular AI,unmatched-new,0.0,https://www.ycombinator.com/companies/ocular-ai,2026-09-04T11:46:09.694932
Senso,Senso,unmatched-new,0.0,https://www.ycombinator.com/companies/senso,2026-09-04T11:46:09.880691
Spur,Spur,unmatched-new,0.0,https://www.ycombinator.com/companies/spur,2026-09-04T11:46:09.890672
Piramidal,Piramidal,unmatched-new,0.0,https://www.ycombinator.com/companies/piramidal,2026-09-04T11:46:09.925260
Silogy,Silogy,unmatched-new,0.0,https://www.ycombinator.com/companies/silogy,2026-09-04T11:46:09.883665
Evolvere BioSciences,Evolvere BioSciences,unmatched-new,0.0,https://www.ycombinator.com/companies/evolvere-biosciences,2026-09-04T11:46:09.918262
Reform,Reform,unmatched-new,0.0,https://www.ycombinator.com/companies/reform,2026-09-04T11:46:09.947790
VoxOps AI,VoxOps AI,unmatched-new,0.0,https://www.ycombinator.com/companies/voxops-ai,2026-09-04T11:46:09.972801
Integuru,Integuru,unmatched-new,0.0,https://www.ycombinator.com/companies/integuru,2026-09-04T11:46:09.978058
Forge,Forge,unmatched-new,0.0,https://www.ycombinator.com/companies/forge,2026-09-04T11:46:10.007071
Dragoneye,Dragoneye,unmatched-new,0.0,https://www.ycombinator.com/companies/dragoneye,2026-09-04T11:46:10.020184
Tower,Tower,unmatched-new,0.0,https://www.ycombinator.com/companies/tower,2026-09-04T11:46:10.030416
Latted,Latted,unmatched-new,0.0,https://www.ycombinator.com/companies/latted,2026-09-04T11:46:10.022097
Humand,Humand,unmatched-new,0.0,https://www.ycombinator.com/companies/humand,2026-09-04T11:46:02.632138
kater.ai,kater.ai,unmatched-new,0.0,https://www.ycombinator.com/companies/kater-ai,2026-09-04T11:46:10.044432
Mathos,Mathos,unmatched-new,0.0,https://www.ycombinator.com/companies/mathos,2026-09-04T11:46:10.037417
Yarn,Yarn,unmatched-new,0.0,https://www.ycombinator.com/companies/yarn-2,2026-09-04T11:46:10.074375
InspectMind AI,InspectMind AI,unmatched-new,0.0,https://www.ycombinator.com/companies/inspectmind-ai,2026-09-04T11:46:10.086788
Shepherd,Shepherd,unmatched-new,0.0,https://www.ycombinator.com/companies/shepherd-2,2026-09-04T11:46:09.596136
RetailReady,RetailReady,unmatched-new,0.0,https://www.ycombinator.com/companies/retailready,2026-09-04T11:46:10.147206
GetCrux,GetCrux,unmatched-new,0.0,https://www.ycombinator.com/companies/getcrux,2026-09-04T11:46:10.115875
Breez Labs,Breez Labs,unmatched-new,0.0,https://www.ycombinator.com/companies/breez-labs,2026-09-04T11:46:08.428195
K-Scale Labs,K-Scale Labs,unmatched-new,0.0,https://www.ycombinator.com/companies/k-scale-labs,2026-09-04T11:46:10.192139
Coval,Coval,unmatched-new,0.0,https://www.ycombinator.com/companies/coval,2026-09-04T11:46:10.195147
Ångström AI,Ångström AI,unmatched-new,0.0,https://www.ycombinator.com/companies/angstrom-ai,2026-09-04T11:46:10.211971
Million,Million,unmatched-new,0.0,https://www.ycombinator.com/companies/million,2026-09-04T11:46:10.130155
Marr Labs,Marr Labs,unmatched-new,0.0,https://www.ycombinator.com/companies/marr-labs,2026-09-04T11:46:10.171144
Domu Technology Inc.,Domu Technology Inc.,unmatched-new,0.0,https://www.ycombinator.com/companies/domu-technology-inc,2026-09-04T11:46:10.266995
Ultra,Ultra,unmatched-new,0.0,https://www.ycombinator.com/companies/ultra,2026-09-04T11:46:10.236972
Undermind,Undermind,unmatched-new,0.0,https://www.ycombinator.com/companies/undermind,2026-09-04T11:46:10.277971
Superunit,Superunit,unmatched-new,0.0,https://www.ycombinator.com/companies/superunit,2026-09-04T11:46:10.337403
Variant,Variant,unmatched-new,0.0,https://www.ycombinator.com/companies/variant,2026-09-04T11:46:10.353469
Understood Care,Understood Care,unmatched-new,0.0,https://www.ycombinator.com/companies/understood-care,2026-09-04T11:46:10.378470
Cheers,Cheers,unmatched-new,0.0,https://www.ycombinator.com/companies/cheers,2026-09-04T11:46:10.391469
Apten,Apten,unmatched-new,0.0,https://www.ycombinator.com/companies/apten,2026-09-04T11:46:10.247972
Doublezero,Doublezero,unmatched-new,0.0,https://www.ycombinator.com/companies/doublezero,2026-09-04T11:46:10.346469
Mem0,Mem0,unmatched-new,0.0,https://www.ycombinator.com/companies/mem0,2026-09-04T11:46:10.411255
Saphira AI,Saphira AI,unmatched-new,0.0,https://www.ycombinator.com/companies/saphira-ai,2026-09-04T11:46:10.430256
Forge Rewards,Forge Rewards,unmatched-new,0.0,https://www.ycombinator.com/companies/forge-rewards,2026-09-04T11:46:10.155141
ProhostAI,ProhostAI,unmatched-new,0.0,https://www.ycombinator.com/companies/prohostai,2026-09-04T11:46:10.461255
Educato,Educato,unmatched-new,0.0,https://www.ycombinator.com/companies/educato,2026-09-04T11:46:10.453257
Unsloth AI,Unsloth AI,unmatched-new,0.0,https://www.ycombinator.com/companies/unsloth-ai,2026-09-04T11:46:10.510516
Codes Health,Codes Health,unmatched-new,0.0,https://www.ycombinator.com/companies/codes-health,2026-09-04T11:46:10.492254
DigitalCarbon,DigitalCarbon,unmatched-new,0.0,https://www.ycombinator.com/companies/digitalcarbon,2026-09-04T11:46:10.524510
Bayesline,Bayesline,unmatched-new,0.0,https://www.ycombinator.com/companies/bayesline,2026-09-04T11:46:10.532526
Opensteer,Opensteer,unmatched-new,0.0,https://www.ycombinator.com/companies/opensteer,2026-09-04T11:46:07.768191
Invaria,Invaria,unmatched-new,0.0,https://www.ycombinator.com/companies/invaria,2026-09-04T11:46:10.539556
Entangl,Entangl,unmatched-new,0.0,https://www.ycombinator.com/companies/entangl,2026-09-04T11:46:10.473256
VideoGen,VideoGen,unmatched-new,0.0,https://www.ycombinator.com/companies/videogen,2026-09-04T11:46:10.579800
Sage Care,Sage Care,unmatched-new,0.0,https://www.ycombinator.com/companies/sagecare,2026-09-04T11:46:10.550768
Corgi Insurance,Corgi Insurance,unmatched-new,0.0,https://www.ycombinator.com/companies/corgi-insurance,2026-09-04T11:46:10.590769
Wordware,Wordware,unmatched-new,0.0,https://www.ycombinator.com/companies/wordware,2026-09-04T11:46:10.616317
Sorcerer,Sorcerer,unmatched-new,0.0,https://www.ycombinator.com/companies/sorcerer,2026-09-04T11:46:10.636306
Random Labs,Random Labs,unmatched-new,0.0,https://www.ycombinator.com/companies/random-labs,2026-09-04T11:46:10.529827
FirstWork,FirstWork,unmatched-new,0.0,https://www.ycombinator.com/companies/firstwork,2026-09-04T11:46:10.647310
ideate.xyz,ideate.xyz,unmatched-new,0.0,https://www.ycombinator.com/companies/ideate-xyz,2026-09-04T11:46:10.656696
Maitai,Maitai,unmatched-new,0.0,https://www.ycombinator.com/companies/maitai,2026-09-04T11:46:10.601789
Stardrift,Stardrift,unmatched-new,0.0,https://www.ycombinator.com/companies/stardrift,2026-09-04T11:46:10.699730
Decisional AI,Decisional AI,unmatched-new,0.0,https://www.ycombinator.com/companies/decisional-ai,2026-09-04T11:46:10.714159
Silurian,Silurian,unmatched-new,0.0,https://www.ycombinator.com/companies/silurian,2026-09-04T11:46:10.753534
Unbound,Unbound,unmatched-new,0.0,https://www.ycombinator.com/companies/unbound,2026-09-04T11:46:10.727695
Proxis,Proxis,unmatched-new,0.0,https://www.ycombinator.com/companies/proxis,2026-09-04T11:46:10.790541
Zuni,Zuni,unmatched-new,0.0,https://www.ycombinator.com/companies/zuni,2026-09-04T11:46:10.805781
Cloudglue,Cloudglue,unmatched-new,0.0,https://www.ycombinator.com/companies/cloudglue,2026-09-04T11:46:10.785537
OpenFoundry,OpenFoundry,unmatched-new,0.0,https://www.ycombinator.com/companies/openfoundry,2026-09-04T11:46:09.860672
Willow,Willow,unmatched-new,0.0,https://www.ycombinator.com/companies/willow,2026-09-04T11:46:10.783538
Elevate,Elevate,unmatched-new,0.0,https://www.ycombinator.com/companies/elevate-2,2026-09-04T11:46:10.842628
Storia AI,Storia AI,unmatched-new,0.0,https://www.ycombinator.com/companies/storia-ai,2026-09-04T11:46:10.831624
Parahelp,Parahelp,unmatched-new,0.0,https://www.ycombinator.com/companies/parahelp,2026-09-04T11:46:10.886626
Scape,Scape,unmatched-new,0.0,https://www.ycombinator.com/companies/scape,2026-09-04T11:46:10.820396
"DeepSim, Inc.","DeepSim, Inc.",unmatched-new,0.0,https://www.ycombinator.com/companies/deepsim-inc,2026-09-04T11:46:10.823301
CodeViz,CodeViz,unmatched-new,0.0,https://www.ycombinator.com/companies/codeviz,2026-09-04T11:46:10.868626
Dodo,Dodo,unmatched-new,0.0,https://www.ycombinator.com/companies/dodo,2026-09-04T11:46:10.858625
RunLocal AI,RunLocal AI,unmatched-new,0.0,https://www.ycombinator.com/companies/runlocal-ai,2026-09-04T11:46:10.870625
MinusX,MinusX,unmatched-new,0.0,https://www.ycombinator.com/companies/minusx,2026-09-04T11:46:10.929223
Tivara,Tivara,unmatched-new,0.0,https://www.ycombinator.com/companies/tivara,2026-09-04T11:46:10.981789
Lore,Lore,unmatched-new,0.0,https://www.ycombinator.com/companies/joinlore,2026-09-04T11:46:10.911238
Dench.com,Dench.com,unmatched-new,0.0,https://www.ycombinator.com/companies/dench-com,2026-09-04T11:46:11.041481
AutoPallet Robotics,AutoPallet Robotics,unmatched-new,0.0,https://www.ycombinator.com/companies/autopallet-robotics,2026-09-04T11:46:11.077511
LedgerUp,LedgerUp,unmatched-new,0.0,https://www.ycombinator.com/companies/ledgerup,2026-09-04T11:46:11.105085
Gauge,Gauge,unmatched-new,0.0,https://www.ycombinator.com/companies/gauge,2026-09-04T11:46:11.000828
camfer,camfer,unmatched-new,0.0,https://www.ycombinator.com/companies/camfer,2026-09-04T11:46:10.958246
Lighthouz AI,Lighthouz AI,unmatched-new,0.0,https://www.ycombinator.com/companies/lighthouz-ai,2026-09-04T11:46:11.123900
Kenley,Kenley,unmatched-new,0.0,https://www.ycombinator.com/companies/kenley,2026-09-04T11:46:10.988803
Benchify,Benchify,unmatched-new,0.0,https://www.ycombinator.com/companies/benchify,2026-09-04T11:46:11.164497
Plume,Plume,unmatched-new,0.0,https://www.ycombinator.com/companies/plume,2026-09-04T11:46:11.097097
Modus,Modus,unmatched-new,0.0,https://www.ycombinator.com/companies/modus,2026-09-04T11:46:11.118943
Stormy,Stormy,unmatched-new,0.0,https://www.ycombinator.com/companies/stormy,2026-09-04T11:46:11.063513
Mito Health,Mito Health,unmatched-new,0.0,https://www.ycombinator.com/companies/mito-health,2026-09-04T11:46:11.133422
Fazeshift,Fazeshift,unmatched-new,0.0,https://www.ycombinator.com/companies/fazeshift,2026-09-04T11:46:11.152422
CreativeMode,CreativeMode,unmatched-new,0.0,https://www.ycombinator.com/companies/creativemode,2026-09-04T11:46:11.219624
Anthrogen,Anthrogen,unmatched-new,0.0,https://www.ycombinator.com/companies/anthrogen,2026-09-04T11:46:11.181422
Aluna,Alguna,fuzzy,90.9090909090909,https://www.ycombinator.com/companies/aluna,2026-09-04T11:46:11.289705
Conveo,Conveo,unmatched-new,0.0,https://www.ycombinator.com/companies/conveo,2026-09-04T11:46:11.235623
Ontra Mobility,Ontra Mobility,unmatched-new,0.0,https://www.ycombinator.com/companies/ontra-mobility,2026-09-04T11:46:11.292708
Overstand Labs,Overstand Labs,unmatched-new,0.0,https://www.ycombinator.com/companies/overstand-labs,2026-09-04T11:46:11.304758
Panora,Panora,unmatched-new,0.0,https://www.ycombinator.com/companies/panora,2026-09-04T11:46:11.270703
Clearly AI,Clearly AI,unmatched-new,0.0,https://www.ycombinator.com/companies/clearly-ai,2026-09-04T11:46:11.321826
cmux,cmux,unmatched-new,0.0,https://www.ycombinator.com/companies/cmux,2026-09-04T11:46:11.248629
TaxGPT,TaxGPT,unmatched-new,0.0,https://www.ycombinator.com/companies/taxgpt,2026-09-04T11:46:11.143440
Zoa Research,Zoa Research,unmatched-new,0.0,https://www.ycombinator.com/companies/zoa-research,2026-09-04T11:46:11.330415
Saturn,Saturn,unmatched-new,0.0,https://www.ycombinator.com/companies/saturn,2026-09-04T11:46:11.314916
Vibe,Vibe,unmatched-new,0.0,https://www.ycombinator.com/companies/vibe,2026-09-04T11:46:11.367705
MagiCode,MagiCode,unmatched-new,0.0,https://www.ycombinator.com/companies/magicode,2026-09-04T11:46:11.393731
FINNY AI,FINNY AI,unmatched-new,0.0,https://www.ycombinator.com/companies/finny-ai,2026-09-04T11:46:11.380707
Anara,Anara,unmatched-new,0.0,https://www.ycombinator.com/companies/anara,2026-09-04T11:46:11.426315
deepsilicon,deepsilicon,unmatched-new,0.0,https://www.ycombinator.com/companies/deepsilicon,2026-09-04T11:46:11.497553
Drillbit,Drillbit,unmatched-new,0.0,https://www.ycombinator.com/companies/drillbit,2026-09-04T11:46:11.489314
Seals AI,Seals AI,unmatched-new,0.0,https://www.ycombinator.com/companies/seals-ai,2026-09-04T11:46:11.522051
Planbase,Planbase,unmatched-new,0.0,https://www.ycombinator.com/companies/planbase,2026-09-04T11:46:11.453395
winfunc,winfunc,unmatched-new,0.0,https://www.ycombinator.com/companies/winfunc,2026-09-04T11:46:11.543365
Opslane,Opslane,unmatched-new,0.0,https://www.ycombinator.com/companies/opslane,2026-09-04T11:46:11.547365
Mage Legal,Mage Legal,unmatched-new,0.0,https://www.ycombinator.com/companies/mage-legal,2026-09-04T11:46:11.565699
Conductor Quantum,Conductor Quantum,unmatched-new,0.0,https://www.ycombinator.com/companies/conductor-quantum,2026-09-04T11:46:11.550657
Distro,Distro,unmatched-new,0.0,https://www.ycombinator.com/companies/distro,2026-09-04T11:46:11.605714
Piggy Robotics,Piggy Robotics,unmatched-new,0.0,https://www.ycombinator.com/companies/piggy-robotics,2026-09-04T11:46:11.620232
Thunder Compute,Thunder Compute,unmatched-new,0.0,https://www.ycombinator.com/companies/thunder-compute,2026-09-04T11:46:11.651232
Remade,Remade,unmatched-new,0.0,https://www.ycombinator.com/companies/remade,2026-09-04T11:46:11.602709
Soff,Soff,unmatched-new,0.0,https://www.ycombinator.com/companies/soff,2026-09-04T11:46:11.683830
Brighterway,Brighterway,unmatched-new,0.0,https://www.ycombinator.com/companies/brighterway,2026-09-04T11:46:11.675269
Emergent,Emergent,unmatched-new,0.0,https://www.ycombinator.com/companies/emergent,2026-09-04T11:46:11.630233
Zettascale,Zettascale,unmatched-new,0.0,https://www.ycombinator.com/companies/zettascale,2026-09-04T11:46:11.695089
Praxos,Praxos,unmatched-new,0.0,https://www.ycombinator.com/companies/praxos,2026-09-04T11:46:11.703062
The Forecasting Company,The Forecasting Company,unmatched-new,0.0,https://www.ycombinator.com/companies/the-forecasting-company,2026-09-04T11:46:11.729225
Presti AI,Presti AI,unmatched-new,0.0,https://www.ycombinator.com/companies/presti-ai,2026-09-04T11:46:11.727246
Simple AI,Simple AI,unmatched-new,0.0,https://www.ycombinator.com/companies/simple-ai,2026-09-04T11:46:11.762392
Laminar,Laminar,unmatched-new,0.0,https://www.ycombinator.com/companies/laminar,2026-09-04T11:46:11.744392
Sensei,Sensei,unmatched-new,0.0,https://www.ycombinator.com/companies/sensei,2026-09-04T11:46:11.753391
Kura AI,Kura AI,unmatched-new,0.0,https://www.ycombinator.com/companies/kura-ai,2026-09-04T11:46:11.646233
Parley,Parley,unmatched-new,0.0,https://www.ycombinator.com/companies/parley,2026-09-04T11:46:11.666233
Zeit AI,Zeit AI,unmatched-new,0.0,https://www.ycombinator.com/companies/zeit-ai,2026-09-04T11:46:11.622249
Downlink,Downlink,unmatched-new,0.0,https://www.ycombinator.com/companies/downlink,2026-09-04T11:46:09.663656
NetworkOcean,NetworkOcean,unmatched-new,0.0,https://www.ycombinator.com/companies/networkocean,2026-09-04T11:46:10.782571
Sharpe,Shape,fuzzy,90.9090909090909,https://www.ycombinator.com/companies/sharpe,2026-09-04T11:46:11.473316
StarJar,StarJar,unmatched-new,0.0,https://www.ycombinator.com/companies/starjar,2026-09-04T11:46:08.668361
Redouble AI,Redouble AI,unmatched-new,0.0,https://www.ycombinator.com/companies/redouble-ai,2026-09-04T11:46:11.465316
Reworkd,Reworkd,unmatched-new,0.0,https://www.ycombinator.com/companies/reworkd,2026-09-04T11:46:05.958612
Anthropic,Anthropic,exact,100.0,https://job-boards.greenhouse.io/anthropic/jobs/5414793008,2026-09-04T11:47:02.214289
Cair Health,Cair Health,unmatched-new,0.0,https://www.cairhealth.com/,2026-09-04T11:47:22.608885
Palmier,Palmier,unmatched-new,0.0,https://www.palmier.io,2026-09-04T11:47:40.291061
Cartage,Cartage,unmatched-new,0.0,https://cartage.ai,2026-09-04T11:47:41.168515
Propaya,Propaya,unmatched-new,0.0,https://www.propaya.com,2026-09-04T11:47:41.384056
autarc,autarc,unmatched-new,0.0,https://www.autarc.energy/global,2026-09-04T11:47:41.434404
Voker,Voker,unmatched-new,0.0,https://voker.ai,2026-09-04T11:47:41.897849
Polymet,Polymet,unmatched-new,0.0,https://polymet.ai,2026-09-04T11:47:41.975854
Rastro,Rastro,unmatched-new,0.0,https://rastro.ai,2026-09-04T11:47:42.026512
Orca Client,Orca Client,unmatched-new,0.0,https://orcaclient.com,2026-09-04T11:47:42.183641
Elayne,Elayne,unmatched-new,0.0,https://www.elayne.com/,2026-09-04T11:47:42.162951
Dayflow,Dayflow,unmatched-new,0.0,https://www.dayflow.so,2026-09-04T11:47:42.426108
Blaze,Blaze,unmatched-new,0.0,https://blaze.money,2026-09-04T11:47:42.479191
ZeroPath,ZeroPath,unmatched-new,0.0,https://zeropath.com,2026-09-04T11:47:42.447558
Usul,Usul,unmatched-new,0.0,https://www.usul.com,2026-09-04T11:47:42.631726
Typa,Typa,unmatched-new,0.0,https://typa.ai/pricing,2026-09-04T11:47:42.461105
BrowserOS,BrowserOS,unmatched-new,0.0,https://BrowserOS.com/,2026-09-04T11:47:43.283106
Overlap,Overlap,unmatched-new,0.0,https://www.overlap.ai,2026-09-04T11:47:43.159351
Pipeshift,Pipeshift,unmatched-new,0.0,https://pipeshift.com,2026-09-04T11:47:43.105412
Anglera,Anglera,unmatched-new,0.0,https://www.anglera.com/,2026-09-04T11:47:43.131502
Capitol AI,Capitol AI,unmatched-new,0.0,https://www.capitol.ai/,2026-09-04T11:47:43.264108
Oway,Oway,unmatched-new,0.0,https://www.shipoway.com,2026-09-04T11:47:43.503523
Freestyle,Freestyle,unmatched-new,0.0,https://www.freestyle.sh/pricing,2026-09-04T11:47:43.790295
Arva AI,Arva AI,unmatched-new,0.0,https://www.arva.ai,2026-09-04T11:47:43.931984
Syntra,Syntra,unmatched-new,0.0,https://www.syntra.com,2026-09-04T11:47:43.969759
Merlin AI,Merlin AI,unmatched-new,0.0,https://www.merlinai.co,2026-09-04T11:47:44.007372
Riveter,Riveter,unmatched-new,0.0,https://www.riveterhq.com/,2026-09-04T11:47:44.234719
Conductor,Conductor,unmatched-new,0.0,https://conductor.build/pricing,2026-09-04T11:47:44.390036
Onlook,Onlook,unmatched-new,0.0,https://onlook.com/,2026-09-04T11:47:44.504296
Affil.ai,Affil.ai,unmatched-new,0.0,https://affil.ai/,2026-09-04T11:47:44.427764
Vortexify,Vortexify,unmatched-new,0.0,https://www.vortexify.ai,2026-09-04T11:47:44.709635
Revyl,Revyl,unmatched-new,0.0,https://www.revyl.com,2026-09-04T11:47:45.009264
Archil,Archil,unmatched-new,0.0,https://archil.com/pricing,2026-09-04T11:47:45.241463
CTGT,CTGT,unmatched-new,0.0,https://www.ctgt.ai/,2026-09-04T11:47:45.323620
Symphony,Symphony,unmatched-new,0.0,https://getsymphony.co,2026-09-04T11:47:45.665645
Freebuff,Freebuff,unmatched-new,0.0,https://freebuff.com,2026-09-04T11:47:45.875791
Reticular,Reticular,unmatched-new,0.0,https://reticular.com,2026-09-04T11:47:45.902370
Streamable,Streamable,unmatched-new,0.0,https://streamable.run/pricing,2026-09-04T11:47:46.006984
Gecko Security,Gecko Security,unmatched-new,0.0,https://gecko.security,2026-09-04T11:47:46.024064
Capy,Capy,unmatched-new,0.0,https://capy.ai,2026-09-04T11:47:46.356754
PermitPortal,PermitPortal,unmatched-new,0.0,https://permitportalapp.com/,2026-09-04T11:47:46.457774
Diffusion Studio,Diffusion Studio,unmatched-new,0.0,https://diffusion.studio/pricing,2026-09-04T11:47:46.518347
Struct,Struct,unmatched-new,0.0,https://struct.ai,2026-09-04T11:47:46.817555
HYBRD,HYBRD,unmatched-new,0.0,https://www.hybrd.com/,2026-09-04T11:47:46.714926
Melder,Melder,unmatched-new,0.0,https://melder.io/pricing,2026-09-04T11:47:47.024164
Careforce,Careforce,unmatched-new,0.0,https://careforce.ai/,2026-09-04T11:47:47.112524
Outship,Outship,unmatched-new,0.0,https://outship.ai,2026-09-04T11:47:47.318924
HumanLayer,HumanLayer,unmatched-new,0.0,https://humanlayer.com,2026-09-04T11:47:47.418747
Leaping AI,Leaping AI,unmatched-new,0.0,https://www.leapingai.com,2026-09-04T11:47:47.600790
Dartboard,Dartboard,unmatched-new,0.0,https://dartboard.ai,2026-09-04T11:47:47.698410
superglue,superglue,unmatched-new,0.0,https://superglue.ai/,2026-09-04T11:47:48.043021
Promptless,Promptless,unmatched-new,0.0,https://promptless.ai/,2026-09-04T11:47:48.192611
Vetnio,Vetnio,unmatched-new,0.0,https://vetnio.com/,2026-09-04T11:47:48.301567
awen,awen,unmatched-new,0.0,https://www.awen.ai/,2026-09-04T11:47:48.546807
Trava,Trava,unmatched-new,0.0,https://www.usetrava.com/,2026-09-04T11:47:48.529893
Lingo.dev,Lingo.dev,unmatched-new,0.0,https://lingo.dev,2026-09-04T11:47:48.736472
Elip AI,Elip AI,unmatched-new,0.0,https://www.tryelip.ai/,2026-09-04T11:47:48.940965
Verbiflow,Verbiflow,unmatched-new,0.0,https://verbiflow.com,2026-09-04T11:47:49.311271
Osmosis,Osmosis,unmatched-new,0.0,https://osmosis.ai/,2026-09-04T11:47:49.724369
Cardamon,Cardamon,unmatched-new,0.0,https://cardamon.ai/,2026-09-04T11:47:49.872163
Harbera,Harbera,unmatched-new,0.0,https://harbera.com/,2026-09-04T11:47:50.455718
Rally,Rally,unmatched-new,0.0,https://www.getrally.com/pricing,2026-09-04T11:47:50.639626
Cuckoo Labs,Cuckoo Labs,unmatched-new,0.0,https://www.cuckoo.so/pricing,2026-09-04T11:47:50.669247
Asteroid,Asteroid,unmatched-new,0.0,https://asteroid.ai,2026-09-04T11:47:51.015618
Closure,Closure,unmatched-new,0.0,https://closure-intel.com/,2026-09-04T11:47:50.654628
Cenote,Cenote,unmatched-new,0.0,https://www.joincenote.com/,2026-09-04T11:47:50.689338
G LNK,G LNK,unmatched-new,0.0,https://glnkco.com/,2026-09-04T11:47:51.343517
Candor,Candor,unmatched-new,0.0,https://candor.security/,2026-09-04T11:47:51.266894
Confident AI,Confident AI,unmatched-new,0.0,https://confident-ai.com,2026-09-04T11:47:51.516439
Woz,Woz,unmatched-new,0.0,https://www.wozcode.com/,2026-09-04T11:47:51.944831
Quetzal,Quetzal,unmatched-new,0.0,https://getquetzal.com/,2026-09-04T11:47:52.041684
Mastra,Mastra,unmatched-new,0.0,https://mastra.ai/pricing,2026-09-04T11:47:52.245758
Spott,Spott,unmatched-new,0.0,https://spott.io,2026-09-04T11:47:52.417185
Ergo,Ergo,unmatched-new,0.0,https://joinergo.com,2026-09-04T11:47:52.463692
Roark,Roark,unmatched-new,0.0,https://roark.ai,2026-09-04T11:47:52.566285
Trata,Trata,unmatched-new,0.0,https://www.trytrata.com/,2026-09-04T11:47:52.913475
Permitify,Permitify,unmatched-new,0.0,https://permitify.com,2026-09-04T11:47:52.626254
Browser Use,Browser Use,unmatched-new,0.0,https://browser-use.com,2026-09-04T11:47:52.811469
Lucidic AI,Lucidic AI,unmatched-new,0.0,https://lucidic.ai,2026-09-04T11:47:52.875384
Riviera,Riviera,unmatched-new,0.0,https://www.withriviera.com,2026-09-04T11:47:52.833535
Pinch,Pinch,unmatched-new,0.0,https://startpinch.com/pricing,2026-09-04T11:47:52.946424
Outlit,Outlit,unmatched-new,0.0,https://outlit.ai/,2026-09-04T11:47:52.902467
Monte,Monte,unmatched-new,0.0,https://trymonte.ai,2026-09-04T11:47:52.960895
Wildcard,Wildcard,unmatched-new,0.0,https://wild-card.ai,2026-09-04T11:47:53.047002
Dex,Dex,unmatched-new,0.0,https://joindex.com/pricing,2026-09-04T11:47:53.190052
CopyCat,CopyCat,unmatched-new,0.0,https://runcopycat.com,2026-09-04T11:47:53.182071
Kashikoi,Kashikoi,unmatched-new,0.0,https://www.getkashikoi.com,2026-09-04T11:47:53.380075
Synthio Labs,Synthio Labs,unmatched-new,0.0,https://synthiolabs.com/,2026-09-04T11:47:53.406086
Blaxel,Blaxel,unmatched-new,0.0,https://blaxel.ai/pricing,2026-09-04T11:47:53.988041
BitBoard,BitBoard,unmatched-new,0.0,https://bitboard.work/pricing,2026-09-04T11:47:54.019203
assistant-ui,assistant-ui,unmatched-new,0.0,https://assistant-ui.com,2026-09-04T11:47:54.078275
Auctor,Auctor,unmatched-new,0.0,https://getauctor.com,2026-09-04T11:47:54.180732
Serafis,Serafis,unmatched-new,0.0,https://serafis.ai,2026-09-04T11:47:54.282555
Kaelio,Kaelio,unmatched-new,0.0,https://kaelio.com/,2026-09-04T11:47:54.520073
Mentra,Mentra,unmatched-new,0.0,https://mentra.glass,2026-09-04T11:47:54.492545
Tinfoil,Tinfoil,unmatched-new,0.0,https://tinfoil.sh,2026-09-04T11:47:54.786588
Sixtyfour,Sixtyfour,unmatched-new,0.0,https://www.sixtyfour.ai/,2026-09-04T11:47:55.110395
Parsewise,Parsewise,unmatched-new,0.0,https://parsewise.ai/pricing-platform,2026-09-04T11:47:55.243559
Nomi,Nomi,unmatched-new,0.0,https://www.nomi.so,2026-09-04T11:47:55.169406
Anana,Anana,unmatched-new,0.0,https://getanana.com,2026-09-04T11:47:55.484545
Besimple AI,Simple AI,fuzzy,90.0,https://besimple.ai,2026-09-04T11:47:55.758972
Theta,Theta,unmatched-new,0.0,https://thetasoftware.com,2026-09-04T11:47:56.032837
Naïve,Naïve,unmatched-new,0.0,https://usenaive.ai,2026-09-04T11:47:56.484306
Mesmer,Mesmer,unmatched-new,0.0,https://mesmer.co,2026-09-04T11:47:56.590983
Pelica,Pelica,unmatched-new,0.0,https://www.pelica.com/,2026-09-04T11:47:56.976689
Sim,Sim,unmatched-new,0.0,https://sim.ai,2026-09-04T11:47:57.080415
Human Behavior,Human Behavior,unmatched-new,0.0,https://www.humanbehavior.co/,2026-09-04T11:47:57.046074
Adentris,Adentris,unmatched-new,0.0,https://www.adentris.com/pricing,2026-09-04T11:47:56.506257
Moby Analytics,Moby Analytics,unmatched-new,0.0,https://www.mobyanalytics.com/,2026-09-04T11:47:56.602978
Kairos,Kairos,unmatched-new,0.0,https://www.withkairos.co/,2026-09-04T11:47:57.255382
QualGent,QualGent,unmatched-new,0.0,https://www.qualgent.ai,2026-09-04T11:47:56.409685
StarSling,StarSling,unmatched-new,0.0,https://starsling.dev/,2026-09-04T11:47:57.450029
Rimba,Rimba,unmatched-new,0.0,https://rimba.ai,2026-09-04T11:47:57.551789
Cohesive,Cohesive,unmatched-new,0.0,https://getcohesiveai.com,2026-09-04T11:47:57.599331
Cactus,Cactus,unmatched-new,0.0,https://oncactus.com,2026-09-04T11:47:58.101892
truthsystems,truthsystems,unmatched-new,0.0,https://www.truthsystems.ai,2026-09-04T11:47:58.468693
mlop,mlop,unmatched-new,0.0,https://mlop.ai/pricing,2026-09-04T11:47:58.498529
Lumari,Lumari,unmatched-new,0.0,https://www.lumari.ai/,2026-09-04T11:47:58.548451
Closera,Closera,unmatched-new,0.0,https://closera.com,2026-09-04T11:47:58.644753
Docket,Docket,unmatched-new,0.0,https://docketqa.com,2026-09-04T11:47:58.659782
Bluejay,Bluejay,unmatched-new,0.0,https://getbluejay.ai/pricing,2026-09-04T11:47:58.847686
Datafruit,Datafruit,unmatched-new,0.0,https://datafruit.ai/,2026-09-04T11:47:58.885562
Bramante,Bramante,unmatched-new,0.0,https://www.bramantebio.com,2026-09-04T11:47:58.968000
EffiGov,EffiGov,unmatched-new,0.0,https://effigov.com,2026-09-04T11:47:58.997158
Monarcha,Monarcha,unmatched-new,0.0,https://monarcha.ai,2026-09-04T11:47:59.011071
Lanesurf,Lanesurf,unmatched-new,0.0,https://www.lanesurf.com/,2026-09-04T11:47:59.199973
Alter,Alter,unmatched-new,0.0,https://alterauth.com,2026-09-04T11:47:59.239878
Frizzle,Frizzle,unmatched-new,0.0,https://www.frizzle.com,2026-09-04T11:47:59.371831
Cyberdesk,Cyberdesk,unmatched-new,0.0,https://www.cyberdesk.io,2026-09-04T11:47:59.533413
Nexa Labs,Nexa Labs,unmatched-new,0.0,https://nexa.farm/,2026-09-04T11:47:59.584011
Doe,Doe,unmatched-new,0.0,https://doe.so/,2026-09-04T11:48:00.157872
Kestroll,Kestroll,unmatched-new,0.0,https://www.kestroll.com/,2026-09-04T11:47:59.677893
Dedalus Labs,Dedalus Labs,unmatched-new,0.0,https://www.dedaluslabs.ai/pricing,2026-09-04T11:48:00.094212
DeepAware AI (Robotics Center of Silicon Valley),DeepAware AI (Robotics Center of Silicon Valley),unmatched-new,0.0,https://roboticscenter.ai/,2026-09-04T11:47:59.727164
ProcIndex,ProcIndex,unmatched-new,0.0,https://procindex.com/,2026-09-04T11:48:00.555257
Finto,Finto,unmatched-new,0.0,https://www.gofinto.com/,2026-09-04T11:48:00.617999
Motives,Motives,unmatched-new,0.0,https://motives.ai/,2026-09-04T11:48:00.916369
Channel3,Channel3,unmatched-new,0.0,https://trychannel3.com,2026-09-04T11:48:00.994558
GhostEye,GhostEye,unmatched-new,0.0,https://ghosteye.ai,2026-09-04T11:48:00.903280
Manufact,Manufact,unmatched-new,0.0,https://manufact.com,2026-09-04T11:48:00.783534
Mimos,Mimos,unmatched-new,0.0,https://www.trymimos.com/,2026-09-04T11:48:01.018561
Physical Turing,Physical Turing,unmatched-new,0.0,https://physicalturing.ai/,2026-09-04T11:48:01.005477
OS3,OS3,unmatched-new,0.0,https://os3robotics.com/,2026-09-04T11:48:01.057397
Phases,Phases,unmatched-new,0.0,https://phases.ai,2026-09-04T11:48:01.465848
Notte,Notte,unmatched-new,0.0,https://www.notte.cc/,2026-09-04T11:48:01.718418
Pally,Pally,unmatched-new,0.0,https://pally.com,2026-09-04T11:48:02.018557
SigmanticAI,SigmanticAI,unmatched-new,0.0,https://www.sigmanticai.com,2026-09-04T11:48:01.548974
Floot,Floot,unmatched-new,0.0,https://floot.com/en/pricing,2026-09-04T11:48:02.032558
Humoniq,Humoniq,unmatched-new,0.0,https://humoniq.ai,2026-09-04T11:48:01.350682
PARES AI,PARES AI,unmatched-new,0.0,https://www.pares.ai/,2026-09-04T11:48:01.825688
Evergrove,Evergrove,unmatched-new,0.0,https://www.evergrovelabs.com/,2026-09-04T11:48:01.363684
Rebulk,Rebulk,unmatched-new,0.0,https://www.rebulk.com,2026-09-04T11:48:02.242088
Certus AI,Certus AI,unmatched-new,0.0,https://www.certus-ai.com/,2026-09-04T11:48:01.993557
Bizzy AI,Bizzy AI,unmatched-new,0.0,https://www.usebizzy.com/,2026-09-04T11:48:02.324851
Modelence,Modelence,unmatched-new,0.0,https://modelence.com,2026-09-04T11:48:02.349855
Knowlify,Knowlify,unmatched-new,0.0,https://www.knowlify.com/,2026-09-04T11:48:01.300397
Sapien,Sapien,unmatched-new,0.0,https://www.asksapien.ai/,2026-09-04T11:48:02.576872
Uplift AI,Uplift AI,unmatched-new,0.0,https://upliftai.org/,2026-09-04T11:48:02.764894
KERNEL,KERNEL,unmatched-new,0.0,https://www.kernel.sh/pricing,2026-09-04T11:48:02.913054
Okibi,Okibi,unmatched-new,0.0,https://okibi.ai,2026-09-04T11:48:02.948404
Quotain,Quotain,unmatched-new,0.0,https://quotain.com,2026-09-04T11:48:02.700882
Interfere,Interfere,unmatched-new,0.0,https://interfere.com,2026-09-04T11:48:02.562715
Reacher,Reacher,unmatched-new,0.0,https://reacherapp.com/,2026-09-04T11:48:03.141347
Lapis,Lapis,unmatched-new,0.0,https://www.trylapis.com/,2026-09-04T11:48:03.089602
MOVEdot,MOVEdot,unmatched-new,0.0,https://www.movedot.ai/,2026-09-04T11:48:03.192193
F2,F2,unmatched-new,0.0,http://f2.ai,2026-09-04T11:48:03.304878
Brickanta,Brickanta,unmatched-new,0.0,https://www.brickanta.com,2026-09-04T11:48:03.443713
CLODO,CLODO,unmatched-new,0.0,https://clodo.ai,2026-09-04T11:48:03.473097
Zavo,Zavo,unmatched-new,0.0,https://zavopay.com,2026-09-04T11:48:03.347892
Norra,Norra,unmatched-new,0.0,https://www.norra.io,2026-09-04T11:48:03.729565
Bolna AI,Bolna AI,unmatched-new,0.0,https://bolna.ai,2026-09-04T11:48:03.714567
Structured AI,Structured AI,unmatched-new,0.0,https://www.getstructured.ai/,2026-09-04T11:48:03.605527
Hyperspell,Hyperspell,unmatched-new,0.0,https://hyperspell.com,2026-09-04T11:48:03.859329
Soren,Soren,unmatched-new,0.0,https://usesoren.com,2026-09-04T11:48:03.959142
Unsiloed AI,Unsiloed AI,unmatched-new,0.0,https://www.unsiloed.ai/,2026-09-04T11:48:04.566838
Helonic,Helonic,unmatched-new,0.0,https://helonic.com,2026-09-04T11:48:04.723456
Redapto,Redapto,unmatched-new,0.0,https://www.redapto.com/,2026-09-04T11:48:04.577907
The Context Company,The Context Company,unmatched-new,0.0,https://www.thecontextcompany.com,2026-09-04T11:48:04.746909
Locus,Locus,unmatched-new,0.0,https://paywithlocus.com,2026-09-04T11:48:04.618533
Rovr,Rovr,unmatched-new,0.0,https://www.withrovr.com/,2026-09-04T11:48:04.903174
Bravi,Bravi,unmatched-new,0.0,https://www.bravi.app/,2026-09-04T11:48:04.928063
LogosGuard,LogosGuard,unmatched-new,0.0,https://logosguard.com/,2026-09-04T11:48:05.048393
Trelium,Trelium,unmatched-new,0.0,https://www.trelium.com,2026-09-04T11:48:05.079011
Allus AI,Allus AI,unmatched-new,0.0,https://allus.ai,2026-09-04T11:48:05.115579
Clerked,Clerked,unmatched-new,0.0,https://clerked.ai,2026-09-04T11:48:05.245537
Lexi,Lexi,unmatched-new,0.0,https://getlexi.io/,2026-09-04T11:48:05.269587
ComplyDo,ComplyDo,unmatched-new,0.0,https://www.complydo.io/,2026-09-04T11:48:05.339226
Aside,Aside,unmatched-new,0.0,https://aside.com/pricing,2026-09-04T11:48:05.601987
Leadbay,Leadbay,unmatched-new,0.0,https://leadbay.ai/,2026-09-04T11:48:05.919345
Relaw,Relaw,unmatched-new,0.0,https://www.relaw.ai,2026-09-04T11:48:05.892588
Specific,Specific,unmatched-new,0.0,https://specific.dev,2026-09-04T11:48:06.158935
Sourcebot,Sourcebot,unmatched-new,0.0,https://www.sourcebot.dev/,2026-09-04T11:48:06.109765
Bron,Bron,unmatched-new,0.0,https://askbron.ai/,2026-09-04T11:48:05.969492
Imagine AI,Imagine AI,unmatched-new,0.0,https://imagineai.me,2026-09-04T11:48:06.227405
Absurd,Absurd,unmatched-new,0.0,https://absurd.com/pricing,2026-09-04T11:48:06.307169
Lemma,Lemma,unmatched-new,0.0,https://www.uselemma.ai/,2026-09-04T11:48:06.661878
Agentic Fabriq,Agentic Fabriq,unmatched-new,0.0,https://www.agenticfabriq.com,2026-09-04T11:48:06.486413
MarkIt,MarkIt,unmatched-new,0.0,https://markittrade.com,2026-09-04T11:48:06.945939
Patent Watch,Patent Watch,unmatched-new,0.0,https://www.patentwatch.ai/,2026-09-04T11:48:06.952940
Zarna,Zarna,unmatched-new,0.0,https://www.zarnaai.com/,2026-09-04T11:48:07.001924
Openroll,Openroll,unmatched-new,0.0,https://www.openroll.com,2026-09-04T11:48:06.975252
Perseus,Perseus,unmatched-new,0.0,https://perseus.computer/pricing,2026-09-04T11:48:07.011828
MadeThis,MadeThis,unmatched-new,0.0,https://madethis.com,2026-09-04T11:48:07.326525
OneTriangle,OneTriangle,unmatched-new,0.0,https://onetriangle.ai/,2026-09-04T11:48:07.571871
Moss,Moss,unmatched-new,0.0,https://moss.dev,2026-09-04T11:48:07.596671
Amika,Amika,unmatched-new,0.0,https://www.amika.dev/,2026-09-04T11:48:07.618076
Linzumi,Linzumi,unmatched-new,0.0,https://linzumi.com,2026-09-04T11:48:07.724479
Rapidfolio,Rapidfolio,unmatched-new,0.0,https://rapidfolio.com/,2026-09-04T11:48:07.852952
Assemble,Assemble,unmatched-new,0.0,https://www.assemble.ai/,2026-09-04T11:48:08.009813
Q2Q,Q2Q,unmatched-new,0.0,https://www.tryq2q.com/,2026-09-04T11:48:08.148725
Bubble Lab,Bubble Lab,unmatched-new,0.0,https://bubblelab.ai/,2026-09-04T11:48:08.258822
Sitefire,Sitefire,unmatched-new,0.0,https://sitefire.ai,2026-09-04T11:48:08.365993
Salus,Salus,unmatched-new,0.0,https://www.usesalus.ai/pricing,2026-09-04T11:48:08.416403
Ressl AI,Ressl AI,unmatched-new,0.0,https://ressl.ai,2026-09-04T11:48:08.474333
InventoryQuant,InventoryQuant,unmatched-new,0.0,https://www.inventoryquant.com,2026-09-04T11:48:08.553445
Boom AI,Boom AI,unmatched-new,0.0,https://useboom.ai,2026-09-04T11:48:08.536445
Libra Robotics,Libra Robotics,unmatched-new,0.0,https://www.librabots.com/,2026-09-04T11:48:08.604144
Dream,Dream,unmatched-new,0.0,https://www.pingdream.com/,2026-09-04T11:48:08.692321
Turnstone,Turnstone,unmatched-new,0.0,https://myturnstone.ai,2026-09-04T11:48:08.877331
Veriad,Veriad,unmatched-new,0.0,https://veriad.com,2026-09-04T11:48:09.191722
Tsenta,Tsenta,unmatched-new,0.0,https://tsenta.com,2026-09-04T11:48:09.051080
o11,o11,unmatched-new,0.0,https://o11.ai,2026-09-04T11:48:09.113943
Grade,Grade,unmatched-new,0.0,https://usegrade.com,2026-09-04T11:48:09.169305
Poth Labs,Poth Labs,unmatched-new,0.0,https://pothlabs.com,2026-09-04T11:48:09.495377
Litmus,Litmus,unmatched-new,0.0,https://litmushiring.com/,2026-09-04T11:48:09.428051
Superset,Superset,unmatched-new,0.0,https://www.superset.sh/,2026-09-04T11:48:09.465828
Userlens,Userlens,unmatched-new,0.0,https://userlens.io,2026-09-04T11:48:09.819223
Keyframe Labs,Keyframe Labs,unmatched-new,0.0,https://keyframelabs.com,2026-09-04T11:48:09.964903
Foreman,Foreman,unmatched-new,0.0,https://foreman.co,2026-09-04T11:48:10.002089
Ontora,Ontora,unmatched-new,0.0,https://ontora.com,2026-09-04T11:48:10.072005
Sidekick,Sidekick,unmatched-new,0.0,https://textsidekick.com/,2026-09-04T11:48:10.022007
Armature,Armature,unmatched-new,0.0,https://armature.tech,2026-09-04T11:48:10.163097
Trident,Trident,unmatched-new,0.0,https://tridentsecurity.io/,2026-09-04T11:48:10.369614
Inth,Inth,unmatched-new,0.0,https://inth.com/pricing,2026-09-04T11:48:10.339009
Carrot Labs,Carrot Labs,unmatched-new,0.0,https://superpenguin.ai/,2026-09-04T11:48:10.428881
Rindler,Rindler,unmatched-new,0.0,https://maxxwell.dev,2026-09-04T11:48:10.701152
Enjamb Labs,Enjamb Labs,unmatched-new,0.0,https://www.enjamb.ai,2026-09-04T11:48:10.748954
Egoist Machines,Egoist Machines,unmatched-new,0.0,https://ego.ist/,2026-09-04T11:48:11.063518
Belvedir,Belvedir,unmatched-new,0.0,https://belvedir.ai/,2026-09-04T11:48:11.272716
Pango,Pango,unmatched-new,0.0,https://pango.ai/,2026-09-04T11:48:11.302250
Revnu,Revnu,unmatched-new,0.0,https://revnu.com,2026-09-04T11:48:11.360397
Speko,Speko,unmatched-new,0.0,https://speko.ai/?utm_source=ycombinator&utm_medium=profile,2026-09-04T11:48:12.021772
Insurf,Insurf,unmatched-new,0.0,https://www.insurf.io,2026-09-04T11:48:12.350209
Studio,Studio,unmatched-new,0.0,https://trystudio.ai,2026-09-04T11:48:12.422197
Jcode,Jcode,unmatched-new,0.0,https://jcode.sh/pricing,2026-09-04T11:48:12.448268
Hoplite,Hoplite,unmatched-new,0.0,https://hoplite.sh,2026-09-04T11:48:12.705914
COACH,COACH,unmatched-new,0.0,https://www.getcoach.com/,2026-09-04T11:48:13.113110
Alloovium,Alloovium,unmatched-new,0.0,https://www.alloovium.com/en,2026-09-04T11:48:13.231916
Zaplar,Zaplar,unmatched-new,0.0,https://zaplar.com,2026-09-04T11:48:13.155016
Context.dev,Context.dev,unmatched-new,0.0,https://context.dev,2026-09-04T11:48:13.408670
Rasyn,Rasyn,unmatched-new,0.0,https://www.rasyn.ai/pricing,2026-09-04T11:48:13.429933
Audun,Audun,unmatched-new,0.0,https://audun.co,2026-09-04T11:48:13.500260
Vendo,Vendo,unmatched-new,0.0,https://vendo.run/,2026-09-04T11:48:13.781751
Qlo,Qlo,unmatched-new,0.0,https://www.getqlo.com/,2026-09-04T11:48:13.911217
Stratum Industries,Stratum Industries,unmatched-new,0.0,https://stratumindustries.co/,2026-09-04T11:48:14.163432
Rational,Rational,unmatched-new,0.0,https://rational.to,2026-09-04T11:48:13.934390
screenpipe,screenpipe,unmatched-new,0.0,https://screenpipe.com/onboarding,2026-09-04T11:48:14.477198
Traceforce,Traceforce,unmatched-new,0.0,https://www.traceforce.ai/pricing,2026-09-04T11:48:14.393062
Almanac,Almanac,unmatched-new,0.0,https://usealmanac.com/pricing,2026-09-04T11:48:14.664226
Alkera AI,Alkera AI,unmatched-new,0.0,https://alkera.ai/pricing,2026-09-04T11:48:14.732837
Decawork,Decawork,unmatched-new,0.0,https://decawork.ai/,2026-09-04T11:48:15.252648
Agnost AI,Agnost AI,unmatched-new,0.0,https://agnost.ai,2026-09-04T11:48:15.261623
Financial Datasets,Financial Datasets,unmatched-new,0.0,https://financialdatasets.ai/,2026-09-04T11:48:15.370803
Mireye,Mireye,unmatched-new,0.0,https://www.mireye.com/,2026-09-04T11:48:15.708180
CarSignal,CarSignal,unmatched-new,0.0,https://www.trycarsignal.com,2026-09-04T11:48:15.754196
Palisade,Palisade,unmatched-new,0.0,https://palisade-ai.com/,2026-09-04T11:48:15.792799
Touchy,Touchy,unmatched-new,0.0,https://touchyapp.com,2026-09-04T11:48:15.762187
Agent FM,Agent FM,unmatched-new,0.0,https://www.agentfm.ai/,2026-09-04T11:48:15.924652
OneCLI,OneCLI,unmatched-new,0.0,https://onecli.sh,2026-09-04T11:48:16.162905
PRINCEPS,PRINCEPS,unmatched-new,0.0,https://princeps.dev,2026-09-04T11:48:16.329468
Robocurve,Robocurve,unmatched-new,0.0,https://robocurve.org,2026-09-04T11:48:16.411607
HyperProbe,HyperProbe,unmatched-new,0.0,https://hyperprobe.co,2026-09-04T11:48:16.538868
Executor,Executor,unmatched-new,0.0,https://executor.sh,2026-09-04T11:48:16.583813
Allia Health,Allia Health,unmatched-new,0.0,https://allia.health/,2026-09-04T11:48:16.482263
Billow AI Labs,Billow AI Labs,unmatched-new,0.0,https://thebillow.ai/,2026-09-04T11:48:16.616765
OpenRelay,OpenRelay,unmatched-new,0.0,https://www.openrelay.inc,2026-09-04T11:48:16.186335
Inkbox,Inkbox,unmatched-new,0.0,https://inkbox.ai/pricing,2026-09-04T11:48:16.422597
hardware intelligence,hardware intelligence,unmatched-new,0.0,https://hardwareintelligence.ai,2026-09-04T11:48:16.622772
OpenTag,OpenTag,unmatched-new,0.0,https://www.tryopentag.com/,2026-09-04T11:48:16.876188
Pennant,Pennant,unmatched-new,0.0,https://www.getpennant.ai,2026-09-04T11:48:17.005979
TovenAI,TovenAI,unmatched-new,0.0,https://toven.ai,2026-09-04T11:48:17.082381
Experiential Labs,Experiential Labs,unmatched-new,0.0,https://experientiallabs.ai,2026-09-04T11:48:17.264813
Lantern AI,Lantern AI,unmatched-new,0.0,https://www.lantern.md,2026-09-04T11:48:17.279813
OnePatch,OnePatch,unmatched-new,0.0,https://onepatch.dev,2026-09-04T11:48:17.536067
Care GP,Care GP,unmatched-new,0.0,https://caregp.com.au/pricing,2026-09-04T11:48:18.063314
