entityName,employeeCount,source.name,source.url,collectedAt
Directed Edge,2,YC OSS Startup Directory,https://www.ycombinator.com/companies/directed-edge,2026-09-04T10:27:47.989974
Semantics3,25,YC OSS Startup Directory,https://www.ycombinator.com/companies/semantics3,2026-09-04T10:27:47.992973
SalesSift,2,YC OSS Startup Directory,https://www.ycombinator.com/companies/salessift,2026-09-04T10:27:48.000974
JustSpotted,2,YC OSS Startup Directory,https://www.ycombinator.com/companies/justspotted,2026-09-04T10:27:47.995975
AgileMD,19,YC OSS Startup Directory,https://www.ycombinator.com/companies/agilemd,2026-09-04T10:27:47.997975
Cruise,3000,YC OSS Startup Directory,https://www.ycombinator.com/companies/cruise,2026-09-04T10:27:48.048800
Weave,11,YC OSS Startup Directory,https://www.ycombinator.com/companies/weave-2,2026-09-04T10:27:48.046792
Magic,350,YC OSS Startup Directory,https://www.ycombinator.com/companies/magic,2026-09-04T10:27:48.084711
20n,2,YC OSS Startup Directory,https://www.ycombinator.com/companies/20n,2026-09-04T10:27:48.090713
Akido Labs,1000,YC OSS Startup Directory,https://www.ycombinator.com/companies/akido-labs,2026-09-04T10:27:48.055803
Smarking,17,YC OSS Startup Directory,https://www.ycombinator.com/companies/smarking,2026-09-04T10:27:48.113080
Zeitview,200,YC OSS Startup Directory,https://www.ycombinator.com/companies/zeitview,2026-09-04T10:27:48.107080
Casetext,50,YC OSS Startup Directory,https://www.ycombinator.com/companies/casetext,2026-09-04T10:27:48.061099
Paperspace,50,YC OSS Startup Directory,https://www.ycombinator.com/companies/paperspace,2026-09-04T10:27:48.108081
Resolve,10,YC OSS Startup Directory,https://www.ycombinator.com/companies/resolve,2026-09-04T10:27:48.164904
Yhat,17,YC OSS Startup Directory,https://www.ycombinator.com/companies/yhat,2026-09-04T10:27:48.177997
Tempo,158,YC OSS Startup Directory,https://www.ycombinator.com/companies/tempo,2026-09-04T10:27:48.133089
Pachyderm,60,YC OSS Startup Directory,https://www.ycombinator.com/companies/pachyderm,2026-09-04T10:27:48.155391
SigOpt,23,YC OSS Startup Directory,https://www.ycombinator.com/companies/sigopt,2026-09-04T10:27:48.206988
Dabble,3,YC OSS Startup Directory,https://www.ycombinator.com/companies/dabble,2026-09-04T10:27:48.187984
Standard Cyborg,9,YC OSS Startup Directory,https://www.ycombinator.com/companies/standard-cyborg,2026-09-04T10:27:48.214988
Replika,28,YC OSS Startup Directory,https://www.ycombinator.com/companies/replika,2026-09-04T10:27:48.257988
ROSS Intelligence,30,YC OSS Startup Directory,https://www.ycombinator.com/companies/ross-intelligence,2026-09-04T10:27:48.271022
Tara AI,13,YC OSS Startup Directory,https://www.ycombinator.com/companies/tara-ai,2026-09-04T10:27:48.298026
Microhealth,25,YC OSS Startup Directory,https://www.ycombinator.com/companies/microhealth,2026-09-04T10:27:48.307029
SnapMagic,23,YC OSS Startup Directory,https://www.ycombinator.com/companies/snapmagic,2026-09-04T10:27:48.302022
Deepgram,115,YC OSS Startup Directory,https://www.ycombinator.com/companies/deepgram,2026-09-04T10:27:48.357458
Reduced Energy Microsystems,2,YC OSS Startup Directory,https://www.ycombinator.com/companies/reduced-energy-microsystems,2026-09-04T10:27:48.380717
iSono Health,9,YC OSS Startup Directory,https://www.ycombinator.com/companies/isono-health,2026-09-04T10:27:48.362458
Algoriz,4,YC OSS Startup Directory,https://www.ycombinator.com/companies/algoriz,2026-09-04T10:27:48.394721
Revl,22,YC OSS Startup Directory,https://www.ycombinator.com/companies/revl,2026-09-04T10:27:48.403714
Pulpix,15,YC OSS Startup Directory,https://www.ycombinator.com/companies/pulpix,2026-09-04T10:27:48.427724
Podium,1000,YC OSS Startup Directory,https://www.ycombinator.com/companies/podium,2026-09-04T10:27:48.437728
Daily,126,YC OSS Startup Directory,https://www.ycombinator.com/companies/daily,2026-09-04T10:27:48.423717
Mashgin,150,YC OSS Startup Directory,https://www.ycombinator.com/companies/mashgin,2026-09-04T10:27:48.467167
Sendbird,300,YC OSS Startup Directory,https://www.ycombinator.com/companies/sendbird,2026-09-04T10:27:48.510701
Relativity Space,2500,YC OSS Startup Directory,https://www.ycombinator.com/companies/relativity-space,2026-09-04T10:27:48.520690
Netomi,3,YC OSS Startup Directory,https://www.ycombinator.com/companies/netomi,2026-09-04T10:27:48.452494
HistoWiz,2,YC OSS Startup Directory,https://www.ycombinator.com/companies/histowiz,2026-09-04T10:27:48.508689
Nova,11,YC OSS Startup Directory,https://www.ycombinator.com/companies/nova,2026-09-04T10:27:48.540813
Caper,15,YC OSS Startup Directory,https://www.ycombinator.com/companies/caper,2026-09-04T10:27:48.488692
Farmstead,10,YC OSS Startup Directory,https://www.ycombinator.com/companies/farmstead,2026-09-04T10:27:48.571360
Gecko Robotics,230,YC OSS Startup Directory,https://www.ycombinator.com/companies/gecko-robotics,2026-09-04T10:27:48.562823
garten,201,YC OSS Startup Directory,https://www.ycombinator.com/companies/garten,2026-09-04T10:27:48.633769
Sway Finance,2,YC OSS Startup Directory,https://www.ycombinator.com/companies/sway-finance,2026-09-04T10:27:48.640764
NeoWize,3,YC OSS Startup Directory,https://www.ycombinator.com/companies/neowize,2026-09-04T10:27:48.648768
Iris Automation,,YC OSS Startup Directory,https://www.ycombinator.com/companies/iris-automation,2026-09-04T10:27:48.608641
Miso,300,YC OSS Startup Directory,https://www.ycombinator.com/companies/miso,2026-09-04T10:27:48.738867
CrowdAI,32,YC OSS Startup Directory,https://www.ycombinator.com/companies/crowdai,2026-09-04T10:27:48.745876
Athelas,1000,YC OSS Startup Directory,https://www.ycombinator.com/companies/athelas,2026-09-04T10:27:48.748874
Airo Health,2,YC OSS Startup Directory,https://www.ycombinator.com/companies/airo-health,2026-09-04T10:27:48.676372
Synvivia,4,YC OSS Startup Directory,https://www.ycombinator.com/companies/synvivia,2026-09-04T10:27:48.735868
Scale AI,500,YC OSS Startup Directory,https://www.ycombinator.com/companies/scale-ai,2026-09-04T10:27:48.793299
People.ai,300,YC OSS Startup Directory,https://www.ycombinator.com/companies/people-ai,2026-09-04T10:27:48.799308
Saleswhale,23,YC OSS Startup Directory,https://www.ycombinator.com/companies/saleswhale,2026-09-04T10:27:48.824308
Seerslab,39,YC OSS Startup Directory,https://www.ycombinator.com/companies/seerslab,2026-09-04T10:27:48.811312
Speak,40,YC OSS Startup Directory,https://www.ycombinator.com/companies/speak,2026-09-04T10:27:48.818306
Plivo,320,YC OSS Startup Directory,https://www.ycombinator.com/companies/plivo,2026-09-04T10:27:48.856474
Voiceops,10,YC OSS Startup Directory,https://www.ycombinator.com/companies/voiceops,2026-09-04T10:27:48.833307
LeadGenius,50,YC OSS Startup Directory,https://www.ycombinator.com/companies/leadgenius,2026-09-04T10:27:48.887988
Bountiful,4,YC OSS Startup Directory,https://www.ycombinator.com/companies/bountiful,2026-09-04T10:27:48.861471
Scribe,15,YC OSS Startup Directory,https://www.ycombinator.com/companies/scribe,2026-09-04T10:27:48.899988
Pit.AI,2,YC OSS Startup Directory,https://www.ycombinator.com/companies/pit-ai,2026-09-04T10:27:48.933502
OneChronos,75,YC OSS Startup Directory,https://www.ycombinator.com/companies/onechronos,2026-09-04T10:27:48.654774
Cowlar,2,YC OSS Startup Directory,https://www.ycombinator.com/companies/cowlar,2026-09-04T10:27:48.954511
Ambient.ai,150,YC OSS Startup Directory,https://www.ycombinator.com/companies/ambient-ai,2026-09-04T10:27:49.013939
"Veryfi, Inc.",70,YC OSS Startup Directory,https://www.ycombinator.com/companies/veryfi-inc,2026-09-04T10:27:49.019946
AlemHealth,25,YC OSS Startup Directory,https://www.ycombinator.com/companies/alemhealth,2026-09-04T10:27:49.016939
Entry,7,YC OSS Startup Directory,https://www.ycombinator.com/companies/entry,2026-09-04T10:27:48.982970
FloydHub,4,YC OSS Startup Directory,https://www.ycombinator.com/companies/floydhub,2026-09-04T10:27:49.049089
Sift,,YC OSS Startup Directory,https://www.ycombinator.com/companies/sift,2026-09-04T10:27:49.108040
BIOS Health,45,YC OSS Startup Directory,https://www.ycombinator.com/companies/bios-health,2026-09-04T10:27:49.064610
Bicycle AI,11,YC OSS Startup Directory,https://www.ycombinator.com/companies/bicycle-ai,2026-09-04T10:27:49.130272
Superside,850,YC OSS Startup Directory,https://www.ycombinator.com/companies/superside,2026-09-04T10:27:48.470179
Helix Nanotechnologies,22,YC OSS Startup Directory,https://www.ycombinator.com/companies/helix-nanotechnologies,2026-09-04T10:27:49.169788
NanoNets,102,YC OSS Startup Directory,https://www.ycombinator.com/companies/nanonets,2026-09-04T10:27:49.122278
Ridecell,88,YC OSS Startup Directory,https://www.ycombinator.com/companies/ridecell,2026-09-04T10:27:49.190354
Skyways,33,YC OSS Startup Directory,https://www.ycombinator.com/companies/skyways,2026-09-04T10:27:49.213385
ScopeAI,4,YC OSS Startup Directory,https://www.ycombinator.com/companies/scopeai,2026-09-04T10:27:49.240866
MDalgorithms Inc.,40,YC OSS Startup Directory,https://www.ycombinator.com/companies/mdalgorithms-inc,2026-09-04T10:27:48.950510
VergeSense,70,YC OSS Startup Directory,https://www.ycombinator.com/companies/vergesense,2026-09-04T10:27:49.242873
Standard AI,150,YC OSS Startup Directory,https://www.ycombinator.com/companies/standard-ai,2026-09-04T10:27:49.251876
Tetra,2,YC OSS Startup Directory,https://www.ycombinator.com/companies/tetra,2026-09-04T10:27:49.044093
Nimble,25,YC OSS Startup Directory,https://www.ycombinator.com/companies/nimble,2026-09-04T10:27:49.285451
Canopy Labs,11,YC OSS Startup Directory,https://www.ycombinator.com/companies/canopy-labs,2026-09-04T10:27:49.329547
Penny,2,YC OSS Startup Directory,https://www.ycombinator.com/companies/penny,2026-09-04T10:27:49.299451
Darmiyan,8,YC OSS Startup Directory,https://www.ycombinator.com/companies/darmiyan,2026-09-04T10:27:49.291525
Spect,7,YC OSS Startup Directory,https://www.ycombinator.com/companies/spect,2026-09-04T10:27:49.336548
Semantix,2,YC OSS Startup Directory,https://www.ycombinator.com/companies/semantix,2026-09-04T10:27:49.322464
Plasticity,2,YC OSS Startup Directory,https://www.ycombinator.com/companies/plasticity,2026-09-04T10:27:49.390246
D-ID,27,YC OSS Startup Directory,https://www.ycombinator.com/companies/d-id,2026-09-04T10:27:49.416053
Percept.AI,7,YC OSS Startup Directory,https://www.ycombinator.com/companies/percept-ai,2026-09-04T10:27:49.349548
May Mobility,260,YC OSS Startup Directory,https://www.ycombinator.com/companies/may-mobility,2026-09-04T10:27:49.427054
Mystro,6,YC OSS Startup Directory,https://www.ycombinator.com/companies/mystro,2026-09-04T10:27:49.301452
Headstart,44,YC OSS Startup Directory,https://www.ycombinator.com/companies/headstart,2026-09-04T10:27:49.419056
Cairns Health,17,YC OSS Startup Directory,https://www.ycombinator.com/companies/cairns-health,2026-09-04T10:27:49.412046
Commissary Club (formerly 70 Million Jobs),2,YC OSS Startup Directory,https://www.ycombinator.com/companies/commissary-club,2026-09-04T10:27:49.454883
AssemblyAI,65,YC OSS Startup Directory,https://www.ycombinator.com/companies/assemblyai,2026-09-04T10:27:49.515539
Lyrebird,13,YC OSS Startup Directory,https://www.ycombinator.com/companies/lyrebird,2026-09-04T10:27:49.535534
Thematic,20,YC OSS Startup Directory,https://www.ycombinator.com/companies/thematic,2026-09-04T10:27:49.552652
10 By 10,5,YC OSS Startup Directory,https://www.ycombinator.com/companies/10-by-10,2026-09-04T10:27:49.564652
FollowUpThen,1,YC OSS Startup Directory,https://www.ycombinator.com/companies/followupthen,2026-09-04T10:27:49.581178
Opearlo,2,YC OSS Startup Directory,https://www.ycombinator.com/companies/opearlo,2026-09-04T10:27:49.609154
Observant AI,5,YC OSS Startup Directory,https://www.ycombinator.com/companies/observant-ai,2026-09-04T10:27:49.638564
Precious,7,YC OSS Startup Directory,https://www.ycombinator.com/companies/precious,2026-09-04T10:27:49.639567
Qventus,230,YC OSS Startup Directory,https://www.ycombinator.com/companies/qventus,2026-09-04T10:27:49.657580
Edwin,14,YC OSS Startup Directory,https://www.ycombinator.com/companies/edwin,2026-09-04T10:27:49.713093
Spellbrush,30,YC OSS Startup Directory,https://www.ycombinator.com/companies/spellbrush,2026-09-04T10:27:49.628564
Reverie Labs,29,YC OSS Startup Directory,https://www.ycombinator.com/companies/reverie-labs,2026-09-04T10:27:49.730799
Fondo,80,YC OSS Startup Directory,https://www.ycombinator.com/companies/fondo,2026-09-04T10:27:49.687350
Vathys,6,YC OSS Startup Directory,https://www.ycombinator.com/companies/vathys,2026-09-04T10:27:49.771848
Naborly,25,YC OSS Startup Directory,https://www.ycombinator.com/companies/naborly,2026-09-04T10:27:49.782787
Cognition IP,12,YC OSS Startup Directory,https://www.ycombinator.com/companies/cognition-ip,2026-09-04T10:27:49.791317
Proven Group,40,YC OSS Startup Directory,https://www.ycombinator.com/companies/proven-group,2026-09-04T10:27:49.577179
Weekend (fmr. Volley),80,YC OSS Startup Directory,https://www.ycombinator.com/companies/weekend-fmr-volley,2026-09-04T10:27:49.813321
Orangewood Labs,40,YC OSS Startup Directory,https://www.ycombinator.com/companies/orangewood-labs,2026-09-04T10:27:49.844319
SharpestMinds,4,YC OSS Startup Directory,https://www.ycombinator.com/companies/sharpestminds,2026-09-04T10:27:49.824323
Voicery,2,YC OSS Startup Directory,https://www.ycombinator.com/companies/voicery,2026-09-04T10:27:49.870985
Memora Health,115,YC OSS Startup Directory,https://www.ycombinator.com/companies/memora-health,2026-09-04T10:27:49.868984
Promise,80,YC OSS Startup Directory,https://www.ycombinator.com/companies/promise,2026-09-04T10:27:49.701047
Tilt (f.k.a. Delphia),25,YC OSS Startup Directory,https://www.ycombinator.com/companies/tilt-fka-delphia,2026-09-04T10:27:49.885984
Point API,5,YC OSS Startup Directory,https://www.ycombinator.com/companies/point-api,2026-09-04T10:27:49.904987
Flock Safety,1000,YC OSS Startup Directory,https://www.ycombinator.com/companies/flock-safety,2026-09-04T10:27:49.316458
Jido Maps,6,YC OSS Startup Directory,https://www.ycombinator.com/companies/jido-maps,2026-09-04T10:27:49.928984
Observe.AI,240,YC OSS Startup Directory,https://www.ycombinator.com/companies/observe-ai,2026-09-04T10:27:49.937986
Swayable,30,YC OSS Startup Directory,https://www.ycombinator.com/companies/swayable,2026-09-04T10:27:49.986272
Nuvocargo,100,YC OSS Startup Directory,https://www.ycombinator.com/companies/nuvocargo,2026-09-04T10:27:49.981271
Searchlight,20,YC OSS Startup Directory,https://www.ycombinator.com/companies/searchlight,2026-09-04T10:27:50.006961
Phiar,12,YC OSS Startup Directory,https://www.ycombinator.com/companies/phiar,2026-09-04T10:27:49.979271
Helloverify,600,YC OSS Startup Directory,https://www.ycombinator.com/companies/helloverify,2026-09-04T10:27:49.996947
RankScience,16,YC OSS Startup Directory,https://www.ycombinator.com/companies/rankscience,2026-09-04T10:27:49.371738
OWNY,10,YC OSS Startup Directory,https://www.ycombinator.com/companies/owny,2026-09-04T10:27:50.011968
JITX,18,YC OSS Startup Directory,https://www.ycombinator.com/companies/jitx,2026-09-04T10:27:50.086778
Data Driven Bioscience,10,YC OSS Startup Directory,https://www.ycombinator.com/companies/data-driven-bioscience,2026-09-04T10:27:50.079777
64x Bio,25,YC OSS Startup Directory,https://www.ycombinator.com/companies/64x-bio,2026-09-04T10:27:50.095778
Activeloop,15,YC OSS Startup Directory,https://www.ycombinator.com/companies/activeloop,2026-09-04T10:27:50.043310
Anima App,20,YC OSS Startup Directory,https://www.ycombinator.com/companies/anima-app,2026-09-04T10:27:50.120778
Regology,60,YC OSS Startup Directory,https://www.ycombinator.com/companies/regology,2026-09-04T10:27:50.169066
Prodigal,99,YC OSS Startup Directory,https://www.ycombinator.com/companies/prodigal,2026-09-04T10:27:50.205218
Inscribe,35,YC OSS Startup Directory,https://www.ycombinator.com/companies/inscribe,2026-09-04T10:27:50.122805
"numericcal, inc.",3,YC OSS Startup Directory,https://www.ycombinator.com/companies/numericcal-inc,2026-09-04T10:27:50.214220
TENDERD,60,YC OSS Startup Directory,https://www.ycombinator.com/companies/tenderd,2026-09-04T10:27:50.222220
Within,128,YC OSS Startup Directory,https://www.ycombinator.com/companies/within,2026-09-04T10:27:49.990947
Shelf Engine,40,YC OSS Startup Directory,https://www.ycombinator.com/companies/shelf-engine,2026-09-04T10:27:50.253223
Quickchat AI,7,YC OSS Startup Directory,https://www.ycombinator.com/companies/quickchat-ai,2026-09-04T10:27:50.156546
Mutiny,20,YC OSS Startup Directory,https://www.ycombinator.com/companies/mutiny,2026-09-04T10:27:50.279451
Leena AI,500,YC OSS Startup Directory,https://www.ycombinator.com/companies/leena-ai,2026-09-04T10:27:50.304452
LabelFlow,6,YC OSS Startup Directory,https://www.ycombinator.com/companies/labelflow,2026-09-04T10:27:50.139101
BrainHi,18,YC OSS Startup Directory,https://www.ycombinator.com/companies/brainhi,2026-09-04T10:27:50.302450
LemonBox,20,YC OSS Startup Directory,https://www.ycombinator.com/companies/lemonbox,2026-09-04T10:27:50.330960
SPATE,15,YC OSS Startup Directory,https://www.ycombinator.com/companies/spate,2026-09-04T10:27:50.317460
Rain Neuromorphics,12,YC OSS Startup Directory,https://www.ycombinator.com/companies/rain-neuromorphics,2026-09-04T10:27:50.170064
Flockjay,10,YC OSS Startup Directory,https://www.ycombinator.com/companies/flockjay,2026-09-04T10:27:50.405338
AllSome Fulfillment,18,YC OSS Startup Directory,https://www.ycombinator.com/companies/allsome-fulfillment,2026-09-04T10:27:50.409340
Aesthetic,4,YC OSS Startup Directory,https://www.ycombinator.com/companies/aesthetic,2026-09-04T10:27:50.419394
Jasper,195,YC OSS Startup Directory,https://www.ycombinator.com/companies/jasper-ai,2026-09-04T10:27:49.679111
Kunduz,85,YC OSS Startup Directory,https://www.ycombinator.com/companies/kunduz,2026-09-04T10:27:50.403338
Centaur,45,YC OSS Startup Directory,https://www.ycombinator.com/companies/centaur,2026-09-04T10:27:50.449400
Windsor,5,YC OSS Startup Directory,https://www.ycombinator.com/companies/windsor,2026-09-04T10:27:50.473447
Pachama,85,YC OSS Startup Directory,https://www.ycombinator.com/companies/pachama,2026-09-04T10:27:50.416396
BrainKey,20,YC OSS Startup Directory,https://www.ycombinator.com/companies/brainkey,2026-09-04T10:27:50.494016
Hatch,73,YC OSS Startup Directory,https://www.ycombinator.com/companies/hatch,2026-09-04T10:27:50.512284
Community Phone Company,101,YC OSS Startup Directory,https://www.ycombinator.com/companies/community-phone-company,2026-09-04T10:27:50.537292
Sapling.ai,2,YC OSS Startup Directory,https://www.ycombinator.com/companies/sapling-ai,2026-09-04T10:27:50.567821
Basilica,2,YC OSS Startup Directory,https://www.ycombinator.com/companies/basilica,2026-09-04T10:27:50.542291
Tailornova/Couturme,9,YC OSS Startup Directory,https://www.ycombinator.com/companies/tailornova-couturme,2026-09-04T10:27:50.565300
Demodesk,25,YC OSS Startup Directory,https://www.ycombinator.com/companies/demodesk,2026-09-04T10:27:50.581828
Probably Genetic,17,YC OSS Startup Directory,https://www.ycombinator.com/companies/probably-genetic,2026-09-04T10:27:50.641405
Superorder,30,YC OSS Startup Directory,https://www.ycombinator.com/companies/superorder,2026-09-04T10:27:50.649403
Docucharm,2,YC OSS Startup Directory,https://www.ycombinator.com/companies/docucharm,2026-09-04T10:27:50.653433
Evo.Do,2,YC OSS Startup Directory,https://www.ycombinator.com/companies/evo-do,2026-09-04T10:27:50.668972
Sourceress,35,YC OSS Startup Directory,https://www.ycombinator.com/companies/sourceress,2026-09-04T10:27:50.392339
Hypnos,3,YC OSS Startup Directory,https://www.ycombinator.com/companies/hypnos,2026-09-04T10:27:50.711227
AI Insurance,16,YC OSS Startup Directory,https://www.ycombinator.com/companies/ai-insurance,2026-09-04T10:27:50.639478
Autodial prev Qwest,1,YC OSS Startup Directory,https://www.ycombinator.com/companies/autodial-prev-qwest,2026-09-04T10:27:50.720219
Alpha Vantage,8,YC OSS Startup Directory,https://www.ycombinator.com/companies/alpha-vantage,2026-09-04T10:27:50.172065
Superb AI,80,YC OSS Startup Directory,https://www.ycombinator.com/companies/superb-ai,2026-09-04T10:27:50.736223
Bunkerhill Health,30,YC OSS Startup Directory,https://www.ycombinator.com/companies/bunkerhill-health,2026-09-04T10:27:50.688221
AXDRAFT,34,YC OSS Startup Directory,https://www.ycombinator.com/companies/axdraft,2026-09-04T10:27:50.747683
Tailor-ED,10,YC OSS Startup Directory,https://www.ycombinator.com/companies/tailor-ed,2026-09-04T10:27:50.793826
"OutRival, Inc.",15,YC OSS Startup Directory,https://www.ycombinator.com/companies/outrival-inc,2026-09-04T10:27:50.810845
Glide,46,YC OSS Startup Directory,https://www.ycombinator.com/companies/glide,2026-09-04T10:27:50.757694
Sublime Black,,YC OSS Startup Directory,https://www.ycombinator.com/companies/sublime-black,2026-09-04T10:27:50.775657
Figments,2,YC OSS Startup Directory,https://www.ycombinator.com/companies/figments,2026-09-04T10:27:50.847723
Symplex,8,YC OSS Startup Directory,https://www.ycombinator.com/companies/symplex,2026-09-04T10:27:50.878266
Palifer,2,YC OSS Startup Directory,https://www.ycombinator.com/companies/palifer,2026-09-04T10:27:50.869273
Kraftful,6,YC OSS Startup Directory,https://www.ycombinator.com/companies/kraftful,2026-09-04T10:27:50.885265
Spiral Genetics,7,YC OSS Startup Directory,https://www.ycombinator.com/companies/spiral-genetics,2026-09-04T10:27:50.904265
Shiru,4,YC OSS Startup Directory,https://www.ycombinator.com/companies/shiru,2026-09-04T10:27:50.872270
Playground,3,YC OSS Startup Directory,https://www.ycombinator.com/companies/playground,2026-09-04T10:27:50.888267
Short Story,120,YC OSS Startup Directory,https://www.ycombinator.com/companies/short-story,2026-09-04T10:27:50.925265
Social Construct,17,YC OSS Startup Directory,https://www.ycombinator.com/companies/social-construct,2026-09-04T10:27:50.967449
Askdata,17,YC OSS Startup Directory,https://www.ycombinator.com/companies/askdata,2026-09-04T10:27:50.686223
Well Principled,3,YC OSS Startup Directory,https://www.ycombinator.com/companies/well-principled,2026-09-04T10:27:50.930266
Mars Auto,15,YC OSS Startup Directory,https://www.ycombinator.com/companies/mars-auto,2026-09-04T10:27:50.936268
TRM Labs,400,YC OSS Startup Directory,https://www.ycombinator.com/companies/trm-labs,2026-09-04T10:27:50.957704
GEn1E Lifesciences,,YC OSS Startup Directory,https://www.ycombinator.com/companies/gen1e-lifesciences,2026-09-04T10:27:50.972965
Yummy Future,7,YC OSS Startup Directory,https://www.ycombinator.com/companies/yummy-future,2026-09-04T10:27:51.034071
Milo,4,YC OSS Startup Directory,https://www.ycombinator.com/companies/milo,2026-09-04T10:27:51.041649
Lantern,4,YC OSS Startup Directory,https://www.ycombinator.com/companies/lantern,2026-09-04T10:27:51.032566
Soteris,4,YC OSS Startup Directory,https://www.ycombinator.com/companies/soteris,2026-09-04T10:27:50.946271
Embrace,62,YC OSS Startup Directory,https://www.ycombinator.com/companies/embrace,2026-09-04T10:27:51.064005
Rosebud AI,10,YC OSS Startup Directory,https://www.ycombinator.com/companies/rosebud-ai,2026-09-04T10:27:51.083595
Dashblock,3,YC OSS Startup Directory,https://www.ycombinator.com/companies/dashblock,2026-09-04T10:27:50.968963
ZETA SURGICAL,12,YC OSS Startup Directory,https://www.ycombinator.com/companies/zeta-surgical,2026-09-04T10:27:51.081594
Chaos Genius,10,YC OSS Startup Directory,https://www.ycombinator.com/companies/chaos-genius,2026-09-04T10:27:51.096595
Tensil,2,YC OSS Startup Directory,https://www.ycombinator.com/companies/tensil,2026-09-04T10:27:51.118595
Allure Systems,18,YC OSS Startup Directory,https://www.ycombinator.com/companies/allure-systems,2026-09-04T10:27:50.789664
Vahan,85,YC OSS Startup Directory,https://www.ycombinator.com/companies/vahan,2026-09-04T10:27:51.147436
PredictLeads,37,YC OSS Startup Directory,https://www.ycombinator.com/companies/predictleads,2026-09-04T10:27:51.159440
Finlens,6,YC OSS Startup Directory,https://www.ycombinator.com/companies/finlens,2026-09-04T10:27:51.128608
Hightouch,200,YC OSS Startup Directory,https://www.ycombinator.com/companies/hightouch,2026-09-04T10:27:51.164447
Deepnote,,YC OSS Startup Directory,https://www.ycombinator.com/companies/deepnote,2026-09-04T10:27:51.177998
Flowbot,2,YC OSS Startup Directory,https://www.ycombinator.com/companies/flowbot,2026-09-04T10:27:51.203529
Motion,65,YC OSS Startup Directory,https://www.ycombinator.com/companies/motion,2026-09-04T10:27:51.217527
Phonic,8,YC OSS Startup Directory,https://www.ycombinator.com/companies/phonic,2026-09-04T10:27:51.261873
Assembly,25,YC OSS Startup Directory,https://www.ycombinator.com/companies/assembly-com,2026-09-04T10:27:51.271394
Flowglad,7,YC OSS Startup Directory,https://www.ycombinator.com/companies/flowglad,2026-09-04T10:27:51.245532
Abalone Bio,14,YC OSS Startup Directory,https://www.ycombinator.com/companies/abalone-bio,2026-09-04T10:27:51.273395
FitnessAI,1,YC OSS Startup Directory,https://www.ycombinator.com/companies/fitnessai,2026-09-04T10:27:51.318506
Segmed,32,YC OSS Startup Directory,https://www.ycombinator.com/companies/segmed,2026-09-04T10:27:51.330022
Meridian Industries,6,YC OSS Startup Directory,https://www.ycombinator.com/companies/meridian-industries,2026-09-04T10:27:51.197579
Letterdrop,10,YC OSS Startup Directory,https://www.ycombinator.com/companies/letterdrop,2026-09-04T10:27:51.332019
MindsDB,41,YC OSS Startup Directory,https://www.ycombinator.com/companies/mindsdb,2026-09-04T10:27:51.328016
Orbiter,3,YC OSS Startup Directory,https://www.ycombinator.com/companies/orbiter,2026-09-04T10:27:51.364778
MTailor,11,YC OSS Startup Directory,https://www.ycombinator.com/companies/mtailor,2026-09-04T10:27:48.184984
StratumAI,5,YC OSS Startup Directory,https://www.ycombinator.com/companies/stratumai,2026-09-04T10:27:51.342083
Perceptive Technologies,25,YC OSS Startup Directory,https://www.ycombinator.com/companies/perceptive-technologies,2026-09-04T10:27:51.410319
Taiv,40,YC OSS Startup Directory,https://www.ycombinator.com/companies/taiv,2026-09-04T10:27:51.388795
Aden,5,YC OSS Startup Directory,https://www.ycombinator.com/companies/aden,2026-09-04T10:27:51.447743
Replicate,36,YC OSS Startup Directory,https://www.ycombinator.com/companies/replicate,2026-09-04T10:27:51.463736
Nextmv,22,YC OSS Startup Directory,https://www.ycombinator.com/companies/nextmv,2026-09-04T10:27:51.440744
Overview,40,YC OSS Startup Directory,https://www.ycombinator.com/companies/overview,2026-09-04T10:27:50.368794
Ardis AI,3,YC OSS Startup Directory,https://www.ycombinator.com/companies/ardis-ai,2026-09-04T10:27:51.467735
Dashworks,9,YC OSS Startup Directory,https://www.ycombinator.com/companies/dashworks,2026-09-04T10:27:51.488453
Basedash,6,YC OSS Startup Directory,https://www.ycombinator.com/companies/basedash,2026-09-04T10:27:51.498452
RADAR,120,YC OSS Startup Directory,https://www.ycombinator.com/companies/radar,2026-09-04T10:27:51.515799
Clayboard,4,YC OSS Startup Directory,https://www.ycombinator.com/companies/clayboard,2026-09-04T10:27:51.504450
Ello,45,YC OSS Startup Directory,https://www.ycombinator.com/companies/ello,2026-09-04T10:27:51.563151
Scout,1,YC OSS Startup Directory,https://www.ycombinator.com/companies/scout,2026-09-04T10:27:51.521799
Operator.io,6,YC OSS Startup Directory,https://www.ycombinator.com/companies/operatorio,2026-09-04T10:27:51.598424
Kinter,30,YC OSS Startup Directory,https://www.ycombinator.com/companies/kinter,2026-09-04T10:27:51.612497
Handoff,20,YC OSS Startup Directory,https://www.ycombinator.com/companies/handoff,2026-09-04T10:27:51.418321
Typedream,5,YC OSS Startup Directory,https://www.ycombinator.com/companies/typedream,2026-09-04T10:27:51.620511
Glisten AI,1,YC OSS Startup Directory,https://www.ycombinator.com/companies/glisten-ai,2026-09-04T10:27:51.438745
Trident Bioscience,1,YC OSS Startup Directory,https://www.ycombinator.com/companies/trident-bioscience,2026-09-04T10:27:51.632514
Photoroom,100,YC OSS Startup Directory,https://www.ycombinator.com/companies/photoroom,2026-09-04T10:27:51.645656
QueryPie AI,70,YC OSS Startup Directory,https://www.ycombinator.com/companies/querypie-ai,2026-09-04T10:27:51.599432
Dropbase,8,YC OSS Startup Directory,https://www.ycombinator.com/companies/dropbase,2026-09-04T10:27:51.662179
Datasaur,60,YC OSS Startup Directory,https://www.ycombinator.com/companies/datasaur,2026-09-04T10:27:51.666177
Ramen VR,15,YC OSS Startup Directory,https://www.ycombinator.com/companies/ramen-vr,2026-09-04T10:27:51.215529
Modernbanc,6,YC OSS Startup Directory,https://www.ycombinator.com/companies/modernbanc,2026-09-04T10:27:51.697694
Recurrency,50,YC OSS Startup Directory,https://www.ycombinator.com/companies/recurrency,2026-09-04T10:27:51.705692
CareMessage,45,YC OSS Startup Directory,https://www.ycombinator.com/companies/caremessage,2026-09-04T10:27:51.736137
SprintAI,10,YC OSS Startup Directory,https://www.ycombinator.com/companies/sprintai,2026-09-04T10:27:51.765026
DeepSource,12,YC OSS Startup Directory,https://www.ycombinator.com/companies/deepsource,2026-09-04T10:27:51.760683
UrbanKisaan,53,YC OSS Startup Directory,https://www.ycombinator.com/companies/urbankisaan,2026-09-04T10:27:51.782581
PillarPlus,30,YC OSS Startup Directory,https://www.ycombinator.com/companies/pillarplus,2026-09-04T10:27:51.750310
Zumo Labs,7,YC OSS Startup Directory,https://www.ycombinator.com/companies/zumo-labs,2026-09-04T10:27:51.753323
Pomello,8,YC OSS Startup Directory,https://www.ycombinator.com/companies/pomello,2026-09-04T10:27:51.845003
Airbyte,90,YC OSS Startup Directory,https://www.ycombinator.com/companies/airbyte,2026-09-04T10:27:51.875048
Atmo,10,YC OSS Startup Directory,https://www.ycombinator.com/companies/atmo,2026-09-04T10:27:51.861021
BeGo,65,YC OSS Startup Directory,https://www.ycombinator.com/companies/be-go,2026-09-04T10:27:51.868022
Tasker AI,7,YC OSS Startup Directory,https://www.ycombinator.com/companies/tasker-ai,2026-09-04T10:27:51.885174
iLabService,50,YC OSS Startup Directory,https://www.ycombinator.com/companies/ilabservice,2026-09-04T10:27:50.366788
Oda,9,YC OSS Startup Directory,https://www.ycombinator.com/companies/oda,2026-09-04T10:27:51.857018
Algen Biotechnologies,15,YC OSS Startup Directory,https://www.ycombinator.com/companies/algen-biotechnologies,2026-09-04T10:27:51.949247
Traces,10,YC OSS Startup Directory,https://www.ycombinator.com/companies/traces,2026-09-04T10:27:51.915173
PowerX,20,YC OSS Startup Directory,https://www.ycombinator.com/companies/powerx,2026-09-04T10:27:51.953257
Legionfarm,7,YC OSS Startup Directory,https://www.ycombinator.com/companies/legionfarm,2026-09-04T10:27:51.910169
Roboflow,100,YC OSS Startup Directory,https://www.ycombinator.com/companies/roboflow,2026-09-04T10:27:51.982784
adyn,7,YC OSS Startup Directory,https://www.ycombinator.com/companies/adyn,2026-09-04T10:27:51.899170
Recall.ai,30,YC OSS Startup Directory,https://www.ycombinator.com/companies/recall-ai,2026-09-04T10:27:51.883218
CoreCare,11,YC OSS Startup Directory,https://www.ycombinator.com/companies/corecare,2026-09-04T10:27:52.022470
Blue Onion,27,YC OSS Startup Directory,https://www.ycombinator.com/companies/blue-onion,2026-09-04T10:27:52.030550
inFeedo AI,150,YC OSS Startup Directory,https://www.ycombinator.com/companies/infeedo-ai,2026-09-04T10:27:52.017471
Omni,5,YC OSS Startup Directory,https://www.ycombinator.com/companies/omni,2026-09-04T10:27:52.092797
Shuttle,12,YC OSS Startup Directory,https://www.ycombinator.com/companies/shuttle,2026-09-04T10:27:52.062245
Nextera Robotics | DIDGE.ai,20,YC OSS Startup Directory,https://www.ycombinator.com/companies/nextera-robotics-didgeai,2026-09-04T10:27:52.118797
Blissway,22,YC OSS Startup Directory,https://www.ycombinator.com/companies/blissway,2026-09-04T10:27:52.090800
Atomic,25,YC OSS Startup Directory,https://www.ycombinator.com/companies/atomic,2026-09-04T10:27:52.103801
Hyper Online,7,YC OSS Startup Directory,https://www.ycombinator.com/companies/hyper-online,2026-09-04T10:27:52.128809
Aquarium Learning,12,YC OSS Startup Directory,https://www.ycombinator.com/companies/aquarium-learning,2026-09-04T10:27:52.169216
Kernal Biologics,20,YC OSS Startup Directory,https://www.ycombinator.com/companies/kernal-biologics,2026-09-04T10:27:52.184196
BIK,55,YC OSS Startup Directory,https://www.ycombinator.com/companies/bik,2026-09-04T10:27:52.157671
Dataland,4,YC OSS Startup Directory,https://www.ycombinator.com/companies/dataland,2026-09-04T10:27:52.199595
Taskade,6,YC OSS Startup Directory,https://www.ycombinator.com/companies/taskade,2026-09-04T10:27:51.209528
Intelligent,4,YC OSS Startup Directory,https://www.ycombinator.com/companies/intelligent,2026-09-04T10:27:52.258029
Taktile,150,YC OSS Startup Directory,https://www.ycombinator.com/companies/taktile,2026-09-04T10:27:52.281755
Cohere,7,YC OSS Startup Directory,https://www.ycombinator.com/companies/cohere,2026-09-04T10:27:52.220931
Bandit ML,4,YC OSS Startup Directory,https://www.ycombinator.com/companies/bandit-ml,2026-09-04T10:27:51.991783
Mito,3,YC OSS Startup Directory,https://www.ycombinator.com/companies/mito,2026-09-04T10:27:52.289750
AI.Fashion,11,YC OSS Startup Directory,https://www.ycombinator.com/companies/ai-fashion,2026-09-04T10:27:52.327771
Draftwise,50,YC OSS Startup Directory,https://www.ycombinator.com/companies/draftwise,2026-09-04T10:27:52.341759
PostEra,40,YC OSS Startup Directory,https://www.ycombinator.com/companies/postera,2026-09-04T10:27:51.700697
Glimpse,27,YC OSS Startup Directory,https://www.ycombinator.com/companies/glimpse-2,2026-09-04T10:27:52.366839
"Warmly,",60,YC OSS Startup Directory,https://www.ycombinator.com/companies/warmly,2026-09-04T10:27:52.402782
Datafold,30,YC OSS Startup Directory,https://www.ycombinator.com/companies/datafold,2026-09-04T10:27:51.973774
Overfit,4,YC OSS Startup Directory,https://www.ycombinator.com/companies/overfit,2026-09-04T10:27:52.448901
Hypotenuse AI,15,YC OSS Startup Directory,https://www.ycombinator.com/companies/hypotenuse-ai,2026-09-04T10:27:52.465078
Heron Data,60,YC OSS Startup Directory,https://www.ycombinator.com/companies/heron-data,2026-09-04T10:27:52.525804
Clau,90,YC OSS Startup Directory,https://www.ycombinator.com/companies/clau,2026-09-04T10:27:52.500253
Quell,40,YC OSS Startup Directory,https://www.ycombinator.com/companies/quell,2026-09-04T10:27:52.515803
Skypher,12,YC OSS Startup Directory,https://www.ycombinator.com/companies/skypher,2026-09-04T10:27:51.677699
Visual One,4,YC OSS Startup Directory,https://www.ycombinator.com/companies/visual-one,2026-09-04T10:27:52.540802
cloud humans,30,YC OSS Startup Directory,https://www.ycombinator.com/companies/cloud-humans,2026-09-04T10:27:52.653371
SBX Robotics,5,YC OSS Startup Directory,https://www.ycombinator.com/companies/sbx-robotics,2026-09-04T10:27:52.662377
Degrees of Freedom,7,YC OSS Startup Directory,https://www.ycombinator.com/companies/degrees-of-freedom,2026-09-04T10:27:52.702438
Flux Auto,56,YC OSS Startup Directory,https://www.ycombinator.com/companies/flux-auto,2026-09-04T10:27:52.712435
Atomic Industries,60,YC OSS Startup Directory,https://www.ycombinator.com/companies/atomic-industries,2026-09-04T10:27:52.707438
authzed,31,YC OSS Startup Directory,https://www.ycombinator.com/companies/authzed,2026-09-04T10:27:52.644981
arnata,15,YC OSS Startup Directory,https://www.ycombinator.com/companies/arnata,2026-09-04T10:27:52.763568
Humaans,48,YC OSS Startup Directory,https://www.ycombinator.com/companies/humaans,2026-09-04T10:27:52.647140
Fountain9,8,YC OSS Startup Directory,https://www.ycombinator.com/companies/fountain9,2026-09-04T10:27:52.774165
Avocado,4,YC OSS Startup Directory,https://www.ycombinator.com/companies/avocado,2026-09-04T10:27:52.723435
Sivo,15,YC OSS Startup Directory,https://www.ycombinator.com/companies/sivo,2026-09-04T10:27:52.795256
Pragmatic Leaders (Ankai Inc),10,YC OSS Startup Directory,https://www.ycombinator.com/companies/pragmatic-leaders-ankai-inc,2026-09-04T10:27:52.771128
Supadock,1,YC OSS Startup Directory,https://www.ycombinator.com/companies/supadock,2026-09-04T10:27:52.832504
Promoted.ai,12,YC OSS Startup Directory,https://www.ycombinator.com/companies/promoted,2026-09-04T10:27:52.887707
Cyble,197,YC OSS Startup Directory,https://www.ycombinator.com/companies/cyble,2026-09-04T10:27:52.840510
Parsagon,2,YC OSS Startup Directory,https://www.ycombinator.com/companies/parsagon,2026-09-04T10:27:52.891672
HyperGlue,5,YC OSS Startup Directory,https://www.ycombinator.com/companies/hyperglue,2026-09-04T10:27:52.812222
Version Story Compare,30,YC OSS Startup Directory,https://www.ycombinator.com/companies/version-story-compare,2026-09-04T10:27:52.867286
Alinea,12,YC OSS Startup Directory,https://www.ycombinator.com/companies/alinea,2026-09-04T10:27:52.970180
Encord,150,YC OSS Startup Directory,https://www.ycombinator.com/companies/encord,2026-09-04T10:27:52.786096
Expent Inc,10,YC OSS Startup Directory,https://www.ycombinator.com/companies/expent-inc,2026-09-04T10:27:52.838514
Emerge Tools,9,YC OSS Startup Directory,https://www.ycombinator.com/companies/emerge-tools,2026-09-04T10:27:52.993976
Vapi,50,YC OSS Startup Directory,https://www.ycombinator.com/companies/vapi,2026-09-04T10:27:52.979964
Popl,60,YC OSS Startup Directory,https://www.ycombinator.com/companies/popl,2026-09-04T10:27:53.015337
Theorem,34,YC OSS Startup Directory,https://www.ycombinator.com/companies/theorem,2026-09-04T10:27:52.829496
Quadrant Health,8,YC OSS Startup Directory,https://www.ycombinator.com/companies/quadrant-health,2026-09-04T10:27:52.991970
Fathom,95,YC OSS Startup Directory,https://www.ycombinator.com/companies/fathom,2026-09-04T10:27:53.046360
Invoid,15,YC OSS Startup Directory,https://www.ycombinator.com/companies/invoid,2026-09-04T10:27:53.142932
Pangea.app,3,YC OSS Startup Directory,https://www.ycombinator.com/companies/pangea-app,2026-09-04T10:27:53.126315
LiveFlow,51,YC OSS Startup Directory,https://www.ycombinator.com/companies/liveflow,2026-09-04T10:27:53.129322
Datrics,22,YC OSS Startup Directory,https://www.ycombinator.com/companies/datrics,2026-09-04T10:27:53.132320
FirstSupport.ai,4,YC OSS Startup Directory,https://www.ycombinator.com/companies/firstsupport-ai,2026-09-04T10:27:53.182266
Rinsed,80,YC OSS Startup Directory,https://www.ycombinator.com/companies/rinsed,2026-09-04T10:27:53.137413
Platypus,3,YC OSS Startup Directory,https://www.ycombinator.com/companies/platypus,2026-09-04T10:27:53.185265
Turing Labs Inc.,5,YC OSS Startup Directory,https://www.ycombinator.com/companies/turing-labs-inc,2026-09-04T10:27:53.197271
Nimbus,3,YC OSS Startup Directory,https://www.ycombinator.com/companies/nimbus-3,2026-09-04T10:27:53.147955
Mindee,60,YC OSS Startup Directory,https://www.ycombinator.com/companies/mindee,2026-09-04T10:27:53.150939
Tint,40,YC OSS Startup Directory,https://www.ycombinator.com/companies/tint,2026-09-04T10:27:53.277528
ZOKO,18,YC OSS Startup Directory,https://www.ycombinator.com/companies/zoko,2026-09-04T10:27:53.309040
Milk Video,2,YC OSS Startup Directory,https://www.ycombinator.com/companies/milk-video,2026-09-04T10:27:53.268661
Tractian,530,YC OSS Startup Directory,https://www.ycombinator.com/companies/tractian,2026-09-04T10:27:53.306038
unSurvey,8,YC OSS Startup Directory,https://www.ycombinator.com/companies/unsurvey,2026-09-04T10:27:53.370075
Reclaim Protocol,17,YC OSS Startup Directory,https://www.ycombinator.com/companies/reclaim-protocol,2026-09-04T10:27:53.342068
TaoFi,11,YC OSS Startup Directory,https://www.ycombinator.com/companies/taofi,2026-09-04T10:27:53.337069
Biodock,8,YC OSS Startup Directory,https://www.ycombinator.com/companies/biodock,2026-09-04T10:27:53.358076
Compose.ai,7,YC OSS Startup Directory,https://www.ycombinator.com/companies/compose-ai,2026-09-04T10:27:53.376574
Enable Us,14,YC OSS Startup Directory,https://www.ycombinator.com/companies/enable-us,2026-09-04T10:27:53.329070
Venu AI,5,YC OSS Startup Directory,https://www.ycombinator.com/companies/venu-ai,2026-09-04T10:27:53.413269
True3D,5,YC OSS Startup Directory,https://www.ycombinator.com/companies/true3d,2026-09-04T10:27:53.166077
Codeball,3,YC OSS Startup Directory,https://www.ycombinator.com/companies/codeball,2026-09-04T10:27:53.439277
Lamar Health,15,YC OSS Startup Directory,https://www.ycombinator.com/companies/lamar-health,2026-09-04T10:27:53.483069
Rejoy Health,8,YC OSS Startup Directory,https://www.ycombinator.com/companies/rejoy-health,2026-09-04T10:27:53.509061
Dataherald,18,YC OSS Startup Directory,https://www.ycombinator.com/companies/dataherald,2026-09-04T10:27:53.497061
Treinta,60,YC OSS Startup Directory,https://www.ycombinator.com/companies/treinta,2026-09-04T10:27:53.501063
InpharmD,16,YC OSS Startup Directory,https://www.ycombinator.com/companies/inpharmd,2026-09-04T10:27:53.541067
Gigs,150,YC OSS Startup Directory,https://www.ycombinator.com/companies/gigs,2026-09-04T10:27:53.574101
Routine,8,YC OSS Startup Directory,https://www.ycombinator.com/companies/routine,2026-09-04T10:27:53.597139
Mystic,11,YC OSS Startup Directory,https://www.ycombinator.com/companies/mystic,2026-09-04T10:27:53.617912
Waydev,13,YC OSS Startup Directory,https://www.ycombinator.com/companies/waydev,2026-09-04T10:27:53.623914
MindPortal,10,YC OSS Startup Directory,https://www.ycombinator.com/companies/mindportal,2026-09-04T10:27:53.599140
Quadrant Eye,4,YC OSS Startup Directory,https://www.ycombinator.com/companies/quadrant-eye,2026-09-04T10:27:53.593139
Navattic,35,YC OSS Startup Directory,https://www.ycombinator.com/companies/navattic,2026-09-04T10:27:53.648909
Ollama,,YC OSS Startup Directory,https://www.ycombinator.com/companies/ollama,2026-09-04T10:27:53.687554
Openlayer,24,YC OSS Startup Directory,https://www.ycombinator.com/companies/openlayer,2026-09-04T10:27:53.703556
Humance,3,YC OSS Startup Directory,https://www.ycombinator.com/companies/humance,2026-09-04T10:27:53.725554
Legion Health,11,YC OSS Startup Directory,https://www.ycombinator.com/companies/legion-health,2026-09-04T10:27:53.734554
MarqVision,200,YC OSS Startup Directory,https://www.ycombinator.com/companies/marqvision,2026-09-04T10:27:53.633911
Mindstate Design Labs,7,YC OSS Startup Directory,https://www.ycombinator.com/companies/mindstate-design-labs,2026-09-04T10:27:53.758564
Spline,25,YC OSS Startup Directory,https://www.ycombinator.com/companies/spline,2026-09-04T10:27:53.715558
Journey,10,YC OSS Startup Directory,https://www.ycombinator.com/companies/journey,2026-09-04T10:27:53.697558
Superwall,25,YC OSS Startup Directory,https://www.ycombinator.com/companies/staffbar,2026-09-04T10:27:53.750556
Slope,16,YC OSS Startup Directory,https://www.ycombinator.com/companies/slope,2026-09-04T10:27:53.739555
Abstra,18,YC OSS Startup Directory,https://www.ycombinator.com/companies/abstra,2026-09-04T10:27:53.792656
PipeBio,10,YC OSS Startup Directory,https://www.ycombinator.com/companies/pipebio,2026-09-04T10:27:53.607909
Serif Health,20,YC OSS Startup Directory,https://www.ycombinator.com/companies/serif-health,2026-09-04T10:27:53.784403
AXAR AI,40,YC OSS Startup Directory,https://www.ycombinator.com/companies/axar-ai,2026-09-04T10:27:53.755557
BusinessOnBot,25,YC OSS Startup Directory,https://www.ycombinator.com/companies/businessonbot,2026-09-04T10:27:53.683558
Friz,4,YC OSS Startup Directory,https://www.ycombinator.com/companies/friz,2026-09-04T10:27:53.869772
Kalam Labs,10,YC OSS Startup Directory,https://www.ycombinator.com/companies/kalam-labs,2026-09-04T10:27:53.897145
Jestor,12,YC OSS Startup Directory,https://www.ycombinator.com/companies/jestor,2026-09-04T10:27:53.853610
Replo,20,YC OSS Startup Directory,https://www.ycombinator.com/companies/replo,2026-09-04T10:27:53.926192
Concord Materials,7,YC OSS Startup Directory,https://www.ycombinator.com/companies/concord-materials,2026-09-04T10:27:53.885150
Affogato AI,15,YC OSS Startup Directory,https://www.ycombinator.com/companies/affogato-ai,2026-09-04T10:27:53.951432
Neodocs,20,YC OSS Startup Directory,https://www.ycombinator.com/companies/neodocs,2026-09-04T10:27:53.998349
MobileBoost,15,YC OSS Startup Directory,https://www.ycombinator.com/companies/mobileboost,2026-09-04T10:27:54.006073
Potion,7,YC OSS Startup Directory,https://www.ycombinator.com/companies/potion,2026-09-04T10:27:53.880148
Coulomb AI,10,YC OSS Startup Directory,https://www.ycombinator.com/companies/coulomb-ai,2026-09-04T10:27:54.021348
Sleek,5,YC OSS Startup Directory,https://www.ycombinator.com/companies/sleek,2026-09-04T10:27:54.019224
Bite Ninja,20,YC OSS Startup Directory,https://www.ycombinator.com/companies/bite-ninja,2026-09-04T10:27:54.045875
Soco,,YC OSS Startup Directory,https://www.ycombinator.com/companies/soco,2026-09-04T10:27:54.066969
Confido,65,YC OSS Startup Directory,https://www.ycombinator.com/companies/confido,2026-09-04T10:27:54.068970
Anakin,70,YC OSS Startup Directory,https://www.ycombinator.com/companies/anakin,2026-09-04T10:27:54.094495
SnapCalorie,5,YC OSS Startup Directory,https://www.ycombinator.com/companies/snapcalorie,2026-09-04T10:27:54.122491
RGI Labs,1,YC OSS Startup Directory,https://www.ycombinator.com/companies/rgi-labs,2026-09-04T10:27:54.197659
RocketSDR,30,YC OSS Startup Directory,https://www.ycombinator.com/companies/rocketsdr,2026-09-04T10:27:52.657399
Konta.com,35,YC OSS Startup Directory,https://www.ycombinator.com/companies/konta-com,2026-09-04T10:27:54.216181
zaz⚡️os,1,YC OSS Startup Directory,https://www.ycombinator.com/companies/zazos,2026-09-04T10:27:53.948431
Kaya,12,YC OSS Startup Directory,https://www.ycombinator.com/companies/kaya,2026-09-04T10:27:54.244184
Instalab,,YC OSS Startup Directory,https://www.ycombinator.com/companies/instalab,2026-09-04T10:27:54.183564
Swipe,60,YC OSS Startup Directory,https://www.ycombinator.com/companies/swipe-2,2026-09-04T10:27:53.968468
Tavus,75,YC OSS Startup Directory,https://www.ycombinator.com/companies/tavus,2026-09-04T10:27:54.202663
Lariat Data,3,YC OSS Startup Directory,https://www.ycombinator.com/companies/lariat-data,2026-09-04T10:27:54.178565
Warpfy,3,YC OSS Startup Directory,https://www.ycombinator.com/companies/warpfy,2026-09-04T10:27:54.402201
SalaryBox,40,YC OSS Startup Directory,https://www.ycombinator.com/companies/salarybox,2026-09-04T10:27:54.314931
Sentiyen,2,YC OSS Startup Directory,https://www.ycombinator.com/companies/sentiyen,2026-09-04T10:27:54.398201
Humanloop,14,YC OSS Startup Directory,https://www.ycombinator.com/companies/humanloop,2026-09-04T10:27:54.364546
Verihubs,63,YC OSS Startup Directory,https://www.ycombinator.com/companies/verihubs,2026-09-04T10:27:54.346197
DigiBuild,15,YC OSS Startup Directory,https://www.ycombinator.com/companies/digibuild,2026-09-04T10:27:54.480155
Jovian,,YC OSS Startup Directory,https://www.ycombinator.com/companies/jovian,2026-09-04T10:27:54.388669
Hyperbrowser,4,YC OSS Startup Directory,https://www.ycombinator.com/companies/hyperbrowser,2026-09-04T10:27:54.368545
Cero,10,YC OSS Startup Directory,https://www.ycombinator.com/companies/cero,2026-09-04T10:27:54.495670
Scispot,16,YC OSS Startup Directory,https://www.ycombinator.com/companies/scispot-io,2026-09-04T10:27:54.506994
OneStopKitchen,10,YC OSS Startup Directory,https://www.ycombinator.com/companies/onestopkitchen,2026-09-04T10:27:54.493671
Sequin,2,YC OSS Startup Directory,https://www.ycombinator.com/companies/sequin,2026-09-04T10:27:54.560127
Pibit.ai,116,YC OSS Startup Directory,https://www.ycombinator.com/companies/pibit-ai,2026-09-04T10:27:54.477115
MindFi,25,YC OSS Startup Directory,https://www.ycombinator.com/companies/mindfi,2026-09-04T10:27:54.599644
WarpBuild,8,YC OSS Startup Directory,https://www.ycombinator.com/companies/warpbuild,2026-09-04T10:27:54.547119
Milky Way AI,5,YC OSS Startup Directory,https://www.ycombinator.com/companies/milky-way-ai,2026-09-04T10:27:54.587636
ShipBlu,300,YC OSS Startup Directory,https://www.ycombinator.com/companies/shipblu,2026-09-04T10:27:54.601642
GetDot,6,YC OSS Startup Directory,https://www.ycombinator.com/companies/getdot,2026-09-04T10:27:54.628163
Tiriel AI,20,YC OSS Startup Directory,https://www.ycombinator.com/companies/tiriel-ai,2026-09-04T10:27:54.665659
CoLoop,16,YC OSS Startup Directory,https://www.ycombinator.com/companies/coloop,2026-09-04T10:27:54.664661
OneSchema,20,YC OSS Startup Directory,https://www.ycombinator.com/companies/oneschema,2026-09-04T10:27:54.725269
Evidently AI,2,YC OSS Startup Directory,https://www.ycombinator.com/companies/evidently-ai,2026-09-04T10:27:54.739286
Mine,18,YC OSS Startup Directory,https://www.ycombinator.com/companies/mine,2026-09-04T10:27:54.730264
Forage Mail,4,YC OSS Startup Directory,https://www.ycombinator.com/companies/forage-mail,2026-09-04T10:27:54.755289
Tule,8,YC OSS Startup Directory,https://www.ycombinator.com/companies/tule,2026-09-04T10:27:54.697367
Spark Studio,27,YC OSS Startup Directory,https://www.ycombinator.com/companies/spark-studio,2026-09-04T10:27:54.779488
aSim,9,YC OSS Startup Directory,https://www.ycombinator.com/companies/asim,2026-09-04T10:27:54.796477
Zensors,12,YC OSS Startup Directory,https://www.ycombinator.com/companies/zensors-inc,2026-09-04T10:27:54.802474
Writesonic,35,YC OSS Startup Directory,https://www.ycombinator.com/companies/writesonic,2026-09-04T10:27:54.817671
Protex AI,5,YC OSS Startup Directory,https://www.ycombinator.com/companies/protex-ai,2026-09-04T10:27:54.770294
Mentum,2,YC OSS Startup Directory,https://www.ycombinator.com/companies/mentum,2026-09-04T10:27:54.847670
Mach9,25,YC OSS Startup Directory,https://www.ycombinator.com/companies/mach9,2026-09-04T10:27:54.888055
outloud.ai,5,YC OSS Startup Directory,https://www.ycombinator.com/companies/outloud-ai,2026-09-04T10:27:54.881051
Telmai,12,YC OSS Startup Directory,https://www.ycombinator.com/companies/telmai,2026-09-04T10:27:54.894068
Adni,5,YC OSS Startup Directory,https://www.ycombinator.com/companies/adni,2026-09-04T10:27:54.913052
Tenyks,11,YC OSS Startup Directory,https://www.ycombinator.com/companies/tenyks,2026-09-04T10:27:54.930234
Waterplan,20,YC OSS Startup Directory,https://www.ycombinator.com/companies/waterplan,2026-09-04T10:27:54.927222
Hudson Labs (formerly Bedrock AI),5,YC OSS Startup Directory,https://www.ycombinator.com/companies/hudson-labs,2026-09-04T10:27:54.940235
Revery AI,5,YC OSS Startup Directory,https://www.ycombinator.com/companies/revery-ai,2026-09-04T10:27:54.886050
Shape,4,YC OSS Startup Directory,https://www.ycombinator.com/companies/shape,2026-09-04T10:27:54.999016
Zuma,50,YC OSS Startup Directory,https://www.ycombinator.com/companies/resident-boost,2026-09-04T10:27:55.007084
Vibe Kanban,10,YC OSS Startup Directory,https://www.ycombinator.com/companies/vibe-kanban,2026-09-04T10:27:54.994988
Baubap,150,YC OSS Startup Directory,https://www.ycombinator.com/companies/baubap,2026-09-04T10:27:55.022356
ContraForce,15,YC OSS Startup Directory,https://www.ycombinator.com/companies/contraforce,2026-09-04T10:27:55.058029
Opkit,,YC OSS Startup Directory,https://www.ycombinator.com/companies/opkit,2026-09-04T10:27:55.072515
Secoda,27,YC OSS Startup Directory,https://www.ycombinator.com/companies/secoda,2026-09-04T10:27:55.103523
Squire.ai,8,YC OSS Startup Directory,https://www.ycombinator.com/companies/squire-ai,2026-09-04T10:27:55.124523
Bytebot,3,YC OSS Startup Directory,https://www.ycombinator.com/companies/bytebot,2026-09-04T10:27:55.149161
Output Biosciences,8,YC OSS Startup Directory,https://www.ycombinator.com/companies/output,2026-09-04T10:27:55.096522
Spoken,7,YC OSS Startup Directory,https://www.ycombinator.com/companies/spoken,2026-09-04T10:27:55.132537
Adravision,8,YC OSS Startup Directory,https://www.ycombinator.com/companies/adravision,2026-09-04T10:27:55.164194
Safer Management,5,YC OSS Startup Directory,https://www.ycombinator.com/companies/safer-management,2026-09-04T10:27:55.187846
Lightly,5,YC OSS Startup Directory,https://www.ycombinator.com/companies/lightly,2026-09-04T10:27:55.182776
CellChorus,4,YC OSS Startup Directory,https://www.ycombinator.com/companies/cellchorus,2026-09-04T10:27:55.220171
Medium Biosciences,6,YC OSS Startup Directory,https://www.ycombinator.com/companies/medium-biosciences,2026-09-04T10:27:55.246175
TigerEye,30,YC OSS Startup Directory,https://www.ycombinator.com/companies/tigereye,2026-09-04T10:27:55.281693
Exa,75,YC OSS Startup Directory,https://www.ycombinator.com/companies/exa,2026-09-04T10:27:55.227180
Sully.ai,49,YC OSS Startup Directory,https://www.ycombinator.com/companies/sully-ai,2026-09-04T10:27:55.287695
FirstQuadrant,2,YC OSS Startup Directory,https://www.ycombinator.com/companies/firstquadrant,2026-09-04T10:27:53.894152
Andi,2,YC OSS Startup Directory,https://www.ycombinator.com/companies/andi,2026-09-04T10:27:55.258177
Coinrule,7,YC OSS Startup Directory,https://www.ycombinator.com/companies/coinrule,2026-09-04T10:27:54.553121
Moots,2,YC OSS Startup Directory,https://www.ycombinator.com/companies/moots,2026-09-04T10:27:55.319150
Marft,3,YC OSS Startup Directory,https://www.ycombinator.com/companies/marft,2026-09-04T10:27:55.350682
Trellus,3,YC OSS Startup Directory,https://www.ycombinator.com/companies/trellus,2026-09-04T10:27:55.380427
Strac,8,YC OSS Startup Directory,https://www.ycombinator.com/companies/strac,2026-09-04T10:27:55.272687
Attack Capital,5,YC OSS Startup Directory,https://www.ycombinator.com/companies/attack-capital,2026-09-04T10:27:55.335681
SilkChart,8,YC OSS Startup Directory,https://www.ycombinator.com/companies/silkchart,2026-09-04T10:27:55.337681
PromptLoop,2,YC OSS Startup Directory,https://www.ycombinator.com/companies/promptloop,2026-09-04T10:27:55.440228
Cherry Recommends,6,YC OSS Startup Directory,https://www.ycombinator.com/companies/cherry-recommends,2026-09-04T10:27:55.441230
Starling,5,YC OSS Startup Directory,https://www.ycombinator.com/companies/starling,2026-09-04T10:27:55.457754
WeReno,12,YC OSS Startup Directory,https://www.ycombinator.com/companies/wereno,2026-09-04T10:27:55.429216
VantedgeAI,11,YC OSS Startup Directory,https://www.ycombinator.com/companies/vantedgeai,2026-09-04T10:27:55.475276
Dailybot,11,YC OSS Startup Directory,https://www.ycombinator.com/companies/dailybot,2026-09-04T10:27:54.207178
SenpAI.GG,12,YC OSS Startup Directory,https://www.ycombinator.com/companies/senpai-gg,2026-09-04T10:27:54.408262
Sieve,34,YC OSS Startup Directory,https://www.ycombinator.com/companies/sieve,2026-09-04T10:27:55.570000
Malloc Inc,10,YC OSS Startup Directory,https://www.ycombinator.com/companies/malloc-inc,2026-09-04T10:27:55.585520
Cozmo AI,5,YC OSS Startup Directory,https://www.ycombinator.com/companies/cozmo-ai,2026-09-04T10:27:55.583519
Capuchin,5,YC OSS Startup Directory,https://www.ycombinator.com/companies/capuchin,2026-09-04T10:27:55.347679
Caire Health,3,YC OSS Startup Directory,https://www.ycombinator.com/companies/caire-health,2026-09-04T10:27:55.648664
Vogent,3,YC OSS Startup Directory,https://www.ycombinator.com/companies/vogent,2026-09-04T10:27:55.663671
Checkr,800,YC OSS Startup Directory,https://www.ycombinator.com/companies/checkr,2026-09-04T10:27:55.680264
Momento,18,YC OSS Startup Directory,https://www.ycombinator.com/companies/momento,2026-09-04T10:27:55.696263
Redbean,6,YC OSS Startup Directory,https://www.ycombinator.com/companies/redbean,2026-09-04T10:27:55.761792
Axross Pte Ltd,10,YC OSS Startup Directory,https://www.ycombinator.com/companies/axross-pte-ltd,2026-09-04T10:27:55.778384
PicnicAI,100,YC OSS Startup Directory,https://www.ycombinator.com/companies/picnicai,2026-09-04T10:27:55.789844
Sei AI,,YC OSS Startup Directory,https://www.ycombinator.com/companies/sei-ai,2026-09-04T10:27:55.907137
Gym Class,20,YC OSS Startup Directory,https://www.ycombinator.com/companies/gym-class,2026-09-04T10:27:55.889072
Sota2,4,YC OSS Startup Directory,https://www.ycombinator.com/companies/sota2,2026-09-04T10:27:55.915136
Spinach AI,5,YC OSS Startup Directory,https://www.ycombinator.com/companies/spinach-ai,2026-09-04T10:27:55.903136
Nyckel,4,YC OSS Startup Directory,https://www.ycombinator.com/companies/nyckel,2026-09-04T10:27:55.947136
Stably AI (Orca),4,YC OSS Startup Directory,https://www.ycombinator.com/companies/stably-ai-orca,2026-09-04T10:27:55.962824
CoffeeAI,5,YC OSS Startup Directory,https://www.ycombinator.com/companies/coffeeai,2026-09-04T10:27:55.977456
Simplify,5,YC OSS Startup Directory,https://www.ycombinator.com/companies/simplify,2026-09-04T10:27:56.009490
PolicyFly,30,YC OSS Startup Directory,https://www.ycombinator.com/companies/policyfly,2026-09-04T10:27:56.025875
OpenCurriculum,,YC OSS Startup Directory,https://www.ycombinator.com/companies/opencurriculum,2026-09-04T10:27:56.122022
Rownd,7,YC OSS Startup Directory,https://www.ycombinator.com/companies/rownd,2026-09-04T10:27:56.187397
Liftigniter,11,YC OSS Startup Directory,https://www.ycombinator.com/companies/liftigniter,2026-09-04T10:27:56.230142
MixerBox,30,YC OSS Startup Directory,https://www.ycombinator.com/companies/mixerbox,2026-09-04T10:27:56.246142
Industrial Next,9,YC OSS Startup Directory,https://www.ycombinator.com/companies/industrial-next,2026-09-04T10:27:56.339218
Dynamo AI,40,YC OSS Startup Directory,https://www.ycombinator.com/companies/dynamo-ai,2026-09-04T10:27:56.370315
Kaso,20,YC OSS Startup Directory,https://www.ycombinator.com/companies/kaso,2026-09-04T10:27:56.311326
Invert,25,YC OSS Startup Directory,https://www.ycombinator.com/companies/invert,2026-09-04T10:27:56.417298
HomeRoom,25,YC OSS Startup Directory,https://www.ycombinator.com/companies/homeroom,2026-09-04T10:27:56.323334
InferEdge,20,YC OSS Startup Directory,https://www.ycombinator.com/companies/inferedge,2026-09-04T10:27:56.433208
Miniloop,2,YC OSS Startup Directory,https://www.ycombinator.com/companies/miniloop,2026-09-04T10:27:54.669129
Fieldguide,200,YC OSS Startup Directory,https://www.ycombinator.com/companies/fieldguide,2026-09-04T10:27:56.560170
Iron Leap,5,YC OSS Startup Directory,https://www.ycombinator.com/companies/iron-leap,2026-09-04T10:27:56.824010
Unlayer,35,YC OSS Startup Directory,https://www.ycombinator.com/companies/unlayer,2026-09-04T10:27:56.942341
Bobidi,7,YC OSS Startup Directory,https://www.ycombinator.com/companies/bobidi,2026-09-04T10:27:56.952341
HypaHub,6,YC OSS Startup Directory,https://www.ycombinator.com/companies/hypahub,2026-09-04T10:27:56.950341
Dioptra,4,YC OSS Startup Directory,https://www.ycombinator.com/companies/dioptra,2026-09-04T10:27:56.984077
Criya,5,YC OSS Startup Directory,https://www.ycombinator.com/companies/roomplays,2026-09-04T10:27:57.004049
haddock,40,YC OSS Startup Directory,https://www.ycombinator.com/companies/haddock,2026-09-04T10:27:57.030879
Fintelite,20,YC OSS Startup Directory,https://www.ycombinator.com/companies/fintelite,2026-09-04T10:27:57.061055
Ankr Health,30,YC OSS Startup Directory,https://www.ycombinator.com/companies/ankr-health,2026-09-04T10:27:57.097570
MosaicVoice,4,YC OSS Startup Directory,https://www.ycombinator.com/companies/mosaicvoice,2026-09-04T10:27:57.293451
Beam,5,YC OSS Startup Directory,https://www.ycombinator.com/companies/beam,2026-09-04T10:27:57.399733
Versable,3,YC OSS Startup Directory,https://www.ycombinator.com/companies/versable,2026-09-04T10:27:57.408760
Sophys,1,YC OSS Startup Directory,https://www.ycombinator.com/companies/sophys,2026-09-04T10:27:57.395732
Cerebrium,4,YC OSS Startup Directory,https://www.ycombinator.com/companies/cerebrium,2026-09-04T10:27:57.423866
LanceDB,35,YC OSS Startup Directory,https://www.ycombinator.com/companies/lancedb,2026-09-04T10:27:57.487453
Lexter.ai,18,YC OSS Startup Directory,https://www.ycombinator.com/companies/lexter-ai,2026-09-04T10:27:57.391734
Dart,10,YC OSS Startup Directory,https://www.ycombinator.com/companies/dart,2026-09-04T10:27:57.762841
Axis,15,YC OSS Startup Directory,https://www.ycombinator.com/companies/axis,2026-09-04T10:27:57.841640
Flagright,31,YC OSS Startup Directory,https://www.ycombinator.com/companies/flagright,2026-09-04T10:27:57.852784
Emobi,9,YC OSS Startup Directory,https://www.ycombinator.com/companies/emobi,2026-09-04T10:27:57.855786
Reforged Labs,19,YC OSS Startup Directory,https://www.ycombinator.com/companies/reforged-labs,2026-09-04T10:27:57.879553
Armilla AI,14,YC OSS Startup Directory,https://www.ycombinator.com/companies/armilla-ai,2026-09-04T10:27:57.881514
RedBrick AI,13,YC OSS Startup Directory,https://www.ycombinator.com/companies/redbrick-ai,2026-09-04T10:27:57.930507
SkyLink,53,YC OSS Startup Directory,https://www.ycombinator.com/companies/skylink,2026-09-04T10:27:58.011028
NearWave,3,YC OSS Startup Directory,https://www.ycombinator.com/companies/nearwave,2026-09-04T10:27:58.135857
Velt,15,YC OSS Startup Directory,https://www.ycombinator.com/companies/velt,2026-09-04T10:27:58.143863
Sphere,7,YC OSS Startup Directory,https://www.ycombinator.com/companies/sphere,2026-09-04T10:27:58.157790
PermitFlow,80,YC OSS Startup Directory,https://www.ycombinator.com/companies/permitflow,2026-09-04T10:27:58.173790
RefineTrain AI,4,YC OSS Startup Directory,https://www.ycombinator.com/companies/refinetrain-ai,2026-09-04T10:27:58.189310
Siftly,4,YC OSS Startup Directory,https://www.ycombinator.com/companies/siftly,2026-09-04T10:27:58.206312
T3 Chat,2,YC OSS Startup Directory,https://www.ycombinator.com/companies/t3-chat,2026-09-04T10:27:58.220639
Speechly,10,YC OSS Startup Directory,https://www.ycombinator.com/companies/speechly,2026-09-04T10:27:58.235905
Cotera,8,YC OSS Startup Directory,https://www.ycombinator.com/companies/cotera,2026-09-04T10:27:58.402033
Curacel,30,YC OSS Startup Directory,https://www.ycombinator.com/companies/curacel,2026-09-04T10:27:58.527543
Finnt,4,YC OSS Startup Directory,https://www.ycombinator.com/companies/finnt,2026-09-04T10:27:58.551538
voize,140,YC OSS Startup Directory,https://www.ycombinator.com/companies/voize,2026-09-04T10:27:58.549538
Cogram,15,YC OSS Startup Directory,https://www.ycombinator.com/companies/cogram,2026-09-04T10:27:58.520544
Toko,5,YC OSS Startup Directory,https://www.ycombinator.com/companies/toko,2026-09-04T10:27:58.582055
Broccoli AI,85,YC OSS Startup Directory,https://www.ycombinator.com/companies/broccoli-ai,2026-09-04T10:27:58.648873
mutable.ai,7,YC OSS Startup Directory,https://www.ycombinator.com/companies/mutable-ai,2026-09-04T10:27:58.691578
Lifecast,2,YC OSS Startup Directory,https://www.ycombinator.com/companies/lifecast,2026-09-04T10:27:58.695854
PINA,25,YC OSS Startup Directory,https://www.ycombinator.com/companies/pina,2026-09-04T10:27:58.721546
AvairSense,14,YC OSS Startup Directory,https://www.ycombinator.com/companies/avairsense,2026-09-04T10:27:58.727551
BotCity,35,YC OSS Startup Directory,https://www.ycombinator.com/companies/botcity,2026-09-04T10:27:58.671967
Nophin,5,YC OSS Startup Directory,https://www.ycombinator.com/companies/nophin,2026-09-04T10:27:58.767556
Talentropy.ai,35,YC OSS Startup Directory,https://www.ycombinator.com/companies/talentropy-ai,2026-09-04T10:27:58.657873
HOAi,10,YC OSS Startup Directory,https://www.ycombinator.com/companies/hoai,2026-09-04T10:27:58.775567
Strong Compute,8,YC OSS Startup Directory,https://www.ycombinator.com/companies/strong-compute,2026-09-04T10:27:58.617655
Shape,25,YC OSS Startup Directory,https://www.ycombinator.com/companies/shaped,2026-09-04T10:27:58.816225
Ploomber,7,YC OSS Startup Directory,https://www.ycombinator.com/companies/ploomber,2026-09-04T10:27:58.824227
GoJom,140,YC OSS Startup Directory,https://www.ycombinator.com/companies/gojom,2026-09-04T10:27:58.833153
Spade,30,YC OSS Startup Directory,https://www.ycombinator.com/companies/spade,2026-09-04T10:27:58.829093
Status,9,YC OSS Startup Directory,https://www.ycombinator.com/companies/status,2026-09-04T10:27:58.843150
Kenobi,3,YC OSS Startup Directory,https://www.ycombinator.com/companies/kenobi,2026-09-04T10:27:58.934508
Humand,270,YC OSS Startup Directory,https://www.ycombinator.com/companies/humand,2026-09-04T10:27:58.921402
Nara,3,YC OSS Startup Directory,https://www.ycombinator.com/companies/nara,2026-09-04T10:27:58.961591
AYC Fund,1,YC OSS Startup Directory,https://www.ycombinator.com/companies/ayc-fund,2026-09-04T10:27:58.907515
Query Vary,6,YC OSS Startup Directory,https://www.ycombinator.com/companies/query-vary,2026-09-04T10:27:58.981112
Impossible Metals,20,YC OSS Startup Directory,https://www.ycombinator.com/companies/impossible-metals,2026-09-04T10:27:58.987109
Heptabase,10,YC OSS Startup Directory,https://www.ycombinator.com/companies/heptabase,2026-09-04T10:27:58.999114
Cellbyte,3,YC OSS Startup Directory,https://www.ycombinator.com/companies/cellbyte,2026-09-04T10:27:59.012145
Cinder,30,YC OSS Startup Directory,https://www.ycombinator.com/companies/cinder-2,2026-09-04T10:27:58.637384
Codec,2,YC OSS Startup Directory,https://www.ycombinator.com/companies/codec,2026-09-04T10:27:59.044947
Theneo,25,YC OSS Startup Directory,https://www.ycombinator.com/companies/theneo,2026-09-04T10:27:58.905517
KorrAI,24,YC OSS Startup Directory,https://www.ycombinator.com/companies/korrai,2026-09-04T10:27:59.051920
WhiteLab Genomics,40,YC OSS Startup Directory,https://www.ycombinator.com/companies/whitelab-genomics,2026-09-04T10:27:59.116579
Powerdocs,4,YC OSS Startup Directory,https://www.ycombinator.com/companies/powerdocs,2026-09-04T10:27:59.058916
Reality Defender,54,YC OSS Startup Directory,https://www.ycombinator.com/companies/reality-defender,2026-09-04T10:27:59.112580
GovDash,56,YC OSS Startup Directory,https://www.ycombinator.com/companies/govdash,2026-09-04T10:27:59.062918
Wolfia,5,YC OSS Startup Directory,https://www.ycombinator.com/companies/wolfia,2026-09-04T10:27:59.178110
Flike,8,YC OSS Startup Directory,https://www.ycombinator.com/companies/flike,2026-09-04T10:27:59.109582
Paces,48,YC OSS Startup Directory,https://www.ycombinator.com/companies/paces,2026-09-04T10:27:59.184120
Layerup,11,YC OSS Startup Directory,https://www.ycombinator.com/companies/layerup,2026-09-04T10:27:59.167601
Workflow86,6,YC OSS Startup Directory,https://www.ycombinator.com/companies/workflow86,2026-09-04T10:27:59.165602
Star,1,YC OSS Startup Directory,https://www.ycombinator.com/companies/star,2026-09-04T10:27:59.215575
Airtrain AI,5,YC OSS Startup Directory,https://www.ycombinator.com/companies/airtrain-ai,2026-09-04T10:27:59.198115
Mercator,2,YC OSS Startup Directory,https://www.ycombinator.com/companies/mercator,2026-09-04T10:27:59.283068
Julius,10,YC OSS Startup Directory,https://www.ycombinator.com/companies/julius,2026-09-04T10:27:59.290074
Elessar,2,YC OSS Startup Directory,https://www.ycombinator.com/companies/elessar,2026-09-04T10:27:59.240684
Dialect,3,YC OSS Startup Directory,https://www.ycombinator.com/companies/dialect-2,2026-09-04T10:27:59.317251
Ciro,5,YC OSS Startup Directory,https://www.ycombinator.com/companies/ciro,2026-09-04T10:27:59.348427
Penguin AI,3,YC OSS Startup Directory,https://www.ycombinator.com/companies/penguin-ai,2026-09-04T10:27:59.371925
Superpowered AI,4,YC OSS Startup Directory,https://www.ycombinator.com/companies/superpowered-ai,2026-09-04T10:27:59.375926
SigmaMind AI,12,YC OSS Startup Directory,https://www.ycombinator.com/companies/sigmamind-ai,2026-09-04T10:27:59.395303
Truva,23,YC OSS Startup Directory,https://www.ycombinator.com/companies/truva,2026-09-04T10:27:59.360926
IoTFlows Inc,60,YC OSS Startup Directory,https://www.ycombinator.com/companies/iotflows-inc,2026-09-04T10:27:59.404267
Makeasite,2,YC OSS Startup Directory,https://www.ycombinator.com/companies/makeasite,2026-09-04T10:27:59.424484
Birch Biosciences,10,YC OSS Startup Directory,https://www.ycombinator.com/companies/birch-biosciences,2026-09-04T10:27:59.356915
Pasito,20,YC OSS Startup Directory,https://www.ycombinator.com/companies/pasito,2026-09-04T10:27:59.467416
Cerrion,16,YC OSS Startup Directory,https://www.ycombinator.com/companies/cerrion,2026-09-04T10:27:59.482133
Bunting Labs,2,YC OSS Startup Directory,https://www.ycombinator.com/companies/bunting-labs,2026-09-04T10:27:59.460407
Impractical,2,YC OSS Startup Directory,https://www.ycombinator.com/companies/impractical,2026-09-04T10:27:59.490197
Blitz,4,YC OSS Startup Directory,https://www.ycombinator.com/companies/blitz,2026-09-04T10:27:59.486197
CustomerOS,10,YC OSS Startup Directory,https://www.ycombinator.com/companies/customeros,2026-09-04T10:27:59.506219
Blink,1,YC OSS Startup Directory,https://www.ycombinator.com/companies/blink-new,2026-09-04T10:27:59.563431
Two Dots,28,YC OSS Startup Directory,https://www.ycombinator.com/companies/two-dots,2026-09-04T10:27:59.368994
Roxels,7,YC OSS Startup Directory,https://www.ycombinator.com/companies/roxels,2026-09-04T10:27:59.622954
CODEXA,40,YC OSS Startup Directory,https://www.ycombinator.com/companies/codexa,2026-09-04T10:27:59.595946
Craze,8,YC OSS Startup Directory,https://www.ycombinator.com/companies/craze,2026-09-04T10:27:59.624952
Paragon AI,3,YC OSS Startup Directory,https://www.ycombinator.com/companies/paragon-ai,2026-09-04T10:27:59.617948
Overwatch,14,YC OSS Startup Directory,https://www.ycombinator.com/companies/overwatch,2026-09-04T10:27:59.674647
Blee,15,YC OSS Startup Directory,https://www.ycombinator.com/companies/blee,2026-09-04T10:27:59.686163
Midplane,2,YC OSS Startup Directory,https://www.ycombinator.com/companies/midplane,2026-09-04T10:27:59.628953
Champ,1,YC OSS Startup Directory,https://www.ycombinator.com/companies/champ,2026-09-04T10:27:59.608947
Activepieces,10,YC OSS Startup Directory,https://www.ycombinator.com/companies/activepieces,2026-09-04T10:27:59.726185
Raven,4,YC OSS Startup Directory,https://www.ycombinator.com/companies/raven,2026-09-04T10:27:59.708179
Juicebox,65,YC OSS Startup Directory,https://www.ycombinator.com/companies/juicebox,2026-09-04T10:27:59.757522
Flair Labs,6,YC OSS Startup Directory,https://www.ycombinator.com/companies/flair-labs,2026-09-04T10:27:59.776888
Namecard.ai,9,YC OSS Startup Directory,https://www.ycombinator.com/companies/namecard-ai,2026-09-04T10:27:59.804460
Popsy,2,YC OSS Startup Directory,https://www.ycombinator.com/companies/popsy,2026-09-04T10:27:59.767872
Phind,4,YC OSS Startup Directory,https://www.ycombinator.com/companies/phind,2026-09-04T10:27:59.813464
Apply Design,4,YC OSS Startup Directory,https://www.ycombinator.com/companies/apply-design,2026-09-04T10:27:59.800463
Housewarming,4,YC OSS Startup Directory,https://www.ycombinator.com/companies/housewarming,2026-09-04T10:27:58.951590
NuMind,6,YC OSS Startup Directory,https://www.ycombinator.com/companies/numind,2026-09-04T10:27:59.633462
Postal,4,YC OSS Startup Directory,https://www.ycombinator.com/companies/postal,2026-09-04T10:27:58.903513
Typewise,12,YC OSS Startup Directory,https://www.ycombinator.com/companies/typewise,2026-09-04T10:27:59.883947
NewsCatcher,22,YC OSS Startup Directory,https://www.ycombinator.com/companies/newscatcher,2026-09-04T10:27:59.940238
100x,3,YC OSS Startup Directory,https://www.ycombinator.com/companies/100x,2026-09-04T10:27:59.946238
Thera,15,YC OSS Startup Directory,https://www.ycombinator.com/companies/thera,2026-09-04T10:27:59.950242
Mistle,2,YC OSS Startup Directory,https://www.ycombinator.com/companies/mistle,2026-09-04T10:27:59.907095
Hedgehog,50,YC OSS Startup Directory,https://www.ycombinator.com/companies/hedgehog-2,2026-09-04T10:27:59.954243
Coris,10,YC OSS Startup Directory,https://www.ycombinator.com/companies/coris,2026-09-04T10:27:59.953237
Provision,15,YC OSS Startup Directory,https://www.ycombinator.com/companies/provision,2026-09-04T10:27:59.948242
Latent Space,100,YC OSS Startup Directory,https://www.ycombinator.com/companies/latent-space,2026-09-04T10:28:00.012894
AviaryAI,10,YC OSS Startup Directory,https://www.ycombinator.com/companies/aviaryai,2026-09-04T10:28:00.035584
Maya Labs,5,YC OSS Startup Directory,https://www.ycombinator.com/companies/maya-labs,2026-09-04T10:28:00.067335
Unify,6,YC OSS Startup Directory,https://www.ycombinator.com/companies/unify,2026-09-04T10:27:59.825474
Aurelian,45,YC OSS Startup Directory,https://www.ycombinator.com/companies/aurelian,2026-09-04T10:28:00.091857
Peoplebox.ai,35,YC OSS Startup Directory,https://www.ycombinator.com/companies/peoplebox,2026-09-04T10:27:59.998984
MSPilot,3,YC OSS Startup Directory,https://www.ycombinator.com/companies/mspilot,2026-09-04T10:27:59.101585
Rima AI (formerly Garage),5,YC OSS Startup Directory,https://www.ycombinator.com/companies/rima-ai,2026-09-04T10:28:00.101853
FlyCode,7,YC OSS Startup Directory,https://www.ycombinator.com/companies/flycode,2026-09-04T10:28:00.082855
Artemis Search,3,YC OSS Startup Directory,https://www.ycombinator.com/companies/artemis-search,2026-09-04T10:28:00.149215
Cobbery,4,YC OSS Startup Directory,https://www.ycombinator.com/companies/cobbery,2026-09-04T10:28:00.155068
Argovox,3,YC OSS Startup Directory,https://www.ycombinator.com/companies/argovox,2026-09-04T10:28:00.158019
Feather,8,YC OSS Startup Directory,https://www.ycombinator.com/companies/feather-2,2026-09-04T10:28:00.169628
Atlas,2,YC OSS Startup Directory,https://www.ycombinator.com/companies/atlaswork,2026-09-04T10:28:00.200082
Lamin,10,YC OSS Startup Directory,https://www.ycombinator.com/companies/lamin,2026-09-04T10:28:00.236109
Bemlo,13,YC OSS Startup Directory,https://www.ycombinator.com/companies/bemlo,2026-09-04T10:27:58.645875
Unthread,7,YC OSS Startup Directory,https://www.ycombinator.com/companies/unthread,2026-09-04T10:28:00.267988
HOMLI,20,YC OSS Startup Directory,https://www.ycombinator.com/companies/homli,2026-09-04T10:28:00.281602
Boton,3,YC OSS Startup Directory,https://www.ycombinator.com/companies/boton,2026-09-04T10:28:00.298602
Invofox,12,YC OSS Startup Directory,https://www.ycombinator.com/companies/invofox,2026-09-04T10:28:00.329886
Sanifu,5,YC OSS Startup Directory,https://www.ycombinator.com/companies/sanifu,2026-09-04T10:28:00.269996
TypeLess,2,YC OSS Startup Directory,https://www.ycombinator.com/companies/typeless,2026-09-04T10:28:00.353244
Avina,5,YC OSS Startup Directory,https://www.ycombinator.com/companies/avina,2026-09-04T10:28:00.375251
Firecrawl,3,YC OSS Startup Directory,https://www.ycombinator.com/companies/firecrawl,2026-09-04T10:28:00.391356
Oneleet,75,YC OSS Startup Directory,https://www.ycombinator.com/companies/oneleet,2026-09-04T10:28:00.386360
Fini,14,YC OSS Startup Directory,https://www.ycombinator.com/companies/fini,2026-09-04T10:28:00.333245
Sonnet,7,YC OSS Startup Directory,https://www.ycombinator.com/companies/sonnet,2026-09-04T10:28:00.406358
Jasmine Energy,5,YC OSS Startup Directory,https://www.ycombinator.com/companies/jasmine-energy,2026-09-04T10:28:00.379286
Wondercraft,15,YC OSS Startup Directory,https://www.ycombinator.com/companies/wondercraft,2026-09-04T10:28:00.393360
Poly,3,YC OSS Startup Directory,https://www.ycombinator.com/companies/poly,2026-09-04T10:27:59.146601
Clearline,5,YC OSS Startup Directory,https://www.ycombinator.com/companies/clearline,2026-09-04T10:28:00.464428
Monterey AI,6,YC OSS Startup Directory,https://www.ycombinator.com/companies/monterey-ai,2026-09-04T10:28:00.468443
SmartHelio,25,YC OSS Startup Directory,https://www.ycombinator.com/companies/smarthelio,2026-09-04T10:28:00.490816
CAPSULE,4,YC OSS Startup Directory,https://www.ycombinator.com/companies/capsule,2026-09-04T10:28:00.516341
goodfin,8,YC OSS Startup Directory,https://www.ycombinator.com/companies/goodfin,2026-09-04T10:28:00.501818
InVision Medical Technology,2,YC OSS Startup Directory,https://www.ycombinator.com/companies/invision-medical-technology,2026-09-04T10:28:00.523425
Axle,20,YC OSS Startup Directory,https://www.ycombinator.com/companies/axle,2026-09-04T10:28:00.539341
Delfino AI,2,YC OSS Startup Directory,https://www.ycombinator.com/companies/delfino-ai,2026-09-04T10:28:00.548339
Cambio,60,YC OSS Startup Directory,https://www.ycombinator.com/companies/cambio-2,2026-09-04T10:28:00.584498
Integrated Reasoning,1,YC OSS Startup Directory,https://www.ycombinator.com/companies/integrated-reasoning,2026-09-04T10:28:00.593515
Landeed,35,YC OSS Startup Directory,https://www.ycombinator.com/companies/landeed,2026-09-04T10:28:00.587499
Lavo Life Sciences,3,YC OSS Startup Directory,https://www.ycombinator.com/companies/lavo-life-sciences,2026-09-04T10:28:00.534339
Coverage Cat,4,YC OSS Startup Directory,https://www.ycombinator.com/companies/coverage-cat,2026-09-04T10:28:00.614497
Knowtex,,YC OSS Startup Directory,https://www.ycombinator.com/companies/knowtex,2026-09-04T10:28:00.563777
Ad Army,5,YC OSS Startup Directory,https://www.ycombinator.com/companies/ad-army,2026-09-04T10:28:00.460433
Dev Tools AI,2,YC OSS Startup Directory,https://www.ycombinator.com/companies/dev-tools-ai,2026-09-04T10:28:00.679368
Sameday,7,YC OSS Startup Directory,https://www.ycombinator.com/companies/sameday,2026-09-04T10:28:00.723807
zudo.work,3,YC OSS Startup Directory,https://www.ycombinator.com/companies/zudowork,2026-09-04T10:28:00.725805
Chima,7,YC OSS Startup Directory,https://www.ycombinator.com/companies/chima,2026-09-04T10:28:00.610507
Rubbrband,10,YC OSS Startup Directory,https://www.ycombinator.com/companies/rubbrband,2026-09-04T10:28:00.771910
Polymath Robotics,25,YC OSS Startup Directory,https://www.ycombinator.com/companies/polymath-robotics,2026-09-04T10:28:00.738804
Blyss,2,YC OSS Startup Directory,https://www.ycombinator.com/companies/blyss,2026-09-04T10:28:00.808427
Designbase,3,YC OSS Startup Directory,https://www.ycombinator.com/companies/designbase,2026-09-04T10:28:00.817430
StackAI,62,YC OSS Startup Directory,https://www.ycombinator.com/companies/stackai,2026-09-04T10:28:00.741804
Middleware,40,YC OSS Startup Directory,https://www.ycombinator.com/companies/middleware,2026-09-04T10:28:00.804428
Cardinal,3,YC OSS Startup Directory,https://www.ycombinator.com/companies/cardinal,2026-09-04T10:28:00.873524
AnythingLLM,4,YC OSS Startup Directory,https://www.ycombinator.com/companies/anythingllm,2026-09-04T10:28:00.895410
Linum,2,YC OSS Startup Directory,https://www.ycombinator.com/companies/linum,2026-09-04T10:28:00.915407
Trigger.dev,9,YC OSS Startup Directory,https://www.ycombinator.com/companies/trigger-dev,2026-09-04T10:28:00.928923
Layup,3,YC OSS Startup Directory,https://www.ycombinator.com/companies/layup,2026-09-04T10:28:00.935921
Fetii,50,YC OSS Startup Directory,https://www.ycombinator.com/companies/fetii,2026-09-04T10:27:59.598947
Syncly,15,YC OSS Startup Directory,https://www.ycombinator.com/companies/syncly,2026-09-04T10:28:00.932923
Finku,20,YC OSS Startup Directory,https://www.ycombinator.com/companies/finku,2026-09-04T10:28:00.985574
Rollstack,30,YC OSS Startup Directory,https://www.ycombinator.com/companies/rollstack-2,2026-09-04T10:28:00.995107
Credal.ai,14,YC OSS Startup Directory,https://www.ycombinator.com/companies/credal-ai,2026-09-04T10:28:01.002106
Paperplane,5,YC OSS Startup Directory,https://www.ycombinator.com/companies/paperplane,2026-09-04T10:28:00.964951
Sprites,5,YC OSS Startup Directory,https://www.ycombinator.com/companies/sprites,2026-09-04T10:28:01.032408
Traceloop,9,YC OSS Startup Directory,https://www.ycombinator.com/companies/traceloop,2026-09-04T10:28:00.958922
Backdrop,2,YC OSS Startup Directory,https://www.ycombinator.com/companies/backdrop,2026-09-04T10:28:01.028427
Lume,5,YC OSS Startup Directory,https://www.ycombinator.com/companies/lume-2,2026-09-04T10:28:01.023437
Quinn,4,YC OSS Startup Directory,https://www.ycombinator.com/companies/quinn,2026-09-04T10:28:01.017406
Concourse,7,YC OSS Startup Directory,https://www.ycombinator.com/companies/concourse,2026-09-04T10:28:01.110719
Novelcare,5,YC OSS Startup Directory,https://www.ycombinator.com/companies/novelcare,2026-09-04T10:28:01.040915
Latent,50,YC OSS Startup Directory,https://www.ycombinator.com/companies/latent,2026-09-04T10:28:01.095710
Reflex,10,YC OSS Startup Directory,https://www.ycombinator.com/companies/reflex,2026-09-04T10:28:01.188230
Mulligan,5,YC OSS Startup Directory,https://www.ycombinator.com/companies/mulligan,2026-09-04T10:28:01.173713
Alphawatch AI,8,YC OSS Startup Directory,https://www.ycombinator.com/companies/alphawatch-ai,2026-09-04T10:27:59.982249
Ponyrun,3,YC OSS Startup Directory,https://www.ycombinator.com/companies/ponyrun,2026-09-04T10:28:01.237232
"Sendme, Inc",40,YC OSS Startup Directory,https://www.ycombinator.com/companies/sendme-inc,2026-09-04T10:28:01.251740
Lovage,3,YC OSS Startup Directory,https://www.ycombinator.com/companies/lovage,2026-09-04T10:27:58.619653
RTHM,10,YC OSS Startup Directory,https://www.ycombinator.com/companies/rthm,2026-09-04T10:28:01.299439
Metriport,29,YC OSS Startup Directory,https://www.ycombinator.com/companies/metriport,2026-09-04T10:28:01.346200
Top Road,2,YC OSS Startup Directory,https://www.ycombinator.com/companies/top-road,2026-09-04T10:28:01.362517
Indexical,2,YC OSS Startup Directory,https://www.ycombinator.com/companies/indexical,2026-09-04T10:28:01.408439
Airwork,4,YC OSS Startup Directory,https://www.ycombinator.com/companies/airwork,2026-09-04T10:28:01.473391
Vimmerse,10,YC OSS Startup Directory,https://www.ycombinator.com/companies/vimmerse,2026-09-04T10:28:01.583856
Pump.co,75,YC OSS Startup Directory,https://www.ycombinator.com/companies/pump-co,2026-09-04T10:28:01.692929
Intuned,15,YC OSS Startup Directory,https://www.ycombinator.com/companies/intuned,2026-09-04T10:28:01.811075
Demospace,2,YC OSS Startup Directory,https://www.ycombinator.com/companies/demospace,2026-09-04T10:28:01.841911
Lynx,5,YC OSS Startup Directory,https://www.ycombinator.com/companies/lynx,2026-09-04T10:28:04.170543
Brewit,4,YC OSS Startup Directory,https://www.ycombinator.com/companies/brewit,2026-09-04T10:28:04.533100
Parabolic,2,YC OSS Startup Directory,https://www.ycombinator.com/companies/parabolic,2026-09-04T10:28:04.541069
Palomma,8,YC OSS Startup Directory,https://www.ycombinator.com/companies/palomma,2026-09-04T10:28:04.573083
Rubber Ducky Labs,2,YC OSS Startup Directory,https://www.ycombinator.com/companies/rubber-ducky-labs,2026-09-04T10:28:04.932607
PoplarML,2,YC OSS Startup Directory,https://www.ycombinator.com/companies/poplarml,2026-09-04T10:28:05.342705
Dataglade,2,YC OSS Startup Directory,https://www.ycombinator.com/companies/dataglade,2026-09-04T10:28:05.349707
OfOne,5,YC OSS Startup Directory,https://www.ycombinator.com/companies/ofone,2026-09-04T10:28:05.351706
Salient,40,YC OSS Startup Directory,https://www.ycombinator.com/companies/salient,2026-09-04T10:28:05.355703
infra.new,3,YC OSS Startup Directory,https://www.ycombinator.com/companies/infranew,2026-09-04T10:28:05.388298
OpenSight,3,YC OSS Startup Directory,https://www.ycombinator.com/companies/opensight,2026-09-04T10:28:05.334627
loopfour,20,YC OSS Startup Directory,https://www.ycombinator.com/companies/loopfour,2026-09-04T10:28:05.419404
Pair AI,2,YC OSS Startup Directory,https://www.ycombinator.com/companies/pair-ai,2026-09-04T10:28:05.372161
Versive,3,YC OSS Startup Directory,https://www.ycombinator.com/companies/versive,2026-09-04T10:28:05.451478
CreatorML,6,YC OSS Startup Directory,https://www.ycombinator.com/companies/creatorml,2026-09-04T10:28:05.466997
Double – Coding Copilot,2,YC OSS Startup Directory,https://www.ycombinator.com/companies/double-coding-copilot,2026-09-04T10:28:05.483065
Gluetrail,2,YC OSS Startup Directory,https://www.ycombinator.com/companies/gluetrail,2026-09-04T10:28:05.498439
Ohm,6,YC OSS Startup Directory,https://www.ycombinator.com/companies/ohm-2,2026-09-04T10:28:05.514434
Scanbase,10,YC OSS Startup Directory,https://www.ycombinator.com/companies/scanbase,2026-09-04T10:28:05.546498
Glass Health,7,YC OSS Startup Directory,https://www.ycombinator.com/companies/glass-health,2026-09-04T10:28:05.602216
Narrative,5,YC OSS Startup Directory,https://www.ycombinator.com/companies/narrative,2026-09-04T10:28:05.610223
Frigade,4,YC OSS Startup Directory,https://www.ycombinator.com/companies/frigade,2026-09-04T10:28:05.994293
Bluebirds,6,YC OSS Startup Directory,https://www.ycombinator.com/companies/bluebirds,2026-09-04T10:28:06.434758
Cosine,12,YC OSS Startup Directory,https://www.ycombinator.com/companies/cosine,2026-09-04T10:28:06.484244
Neptyne,4,YC OSS Startup Directory,https://www.ycombinator.com/companies/neptyne,2026-09-04T10:28:06.515709
Gooseworks,5,YC OSS Startup Directory,https://www.ycombinator.com/companies/gooseworks,2026-09-04T10:28:06.531705
LinkGrep,2,YC OSS Startup Directory,https://www.ycombinator.com/companies/linkgrep,2026-09-04T10:28:06.442761
No Cap,5,YC OSS Startup Directory,https://www.ycombinator.com/companies/no-cap,2026-09-04T10:28:09.489638
Outerbase,4,YC OSS Startup Directory,https://www.ycombinator.com/companies/outerbase,2026-09-04T10:28:09.905391
Haven,3,YC OSS Startup Directory,https://www.ycombinator.com/companies/haven-2,2026-09-04T10:28:09.937392
co.dev,2,YC OSS Startup Directory,https://www.ycombinator.com/companies/co-dev,2026-09-04T10:28:09.944400
coil inc.,1,YC OSS Startup Directory,https://www.ycombinator.com/companies/coil-inc,2026-09-04T10:28:09.933393
DataSuite,4,YC OSS Startup Directory,https://www.ycombinator.com/companies/datasuite,2026-09-04T10:28:09.946434
Langfuse,19,YC OSS Startup Directory,https://www.ycombinator.com/companies/langfuse,2026-09-04T10:28:09.895395
Dream3D,3,YC OSS Startup Directory,https://www.ycombinator.com/companies/dream3d,2026-09-04T10:28:09.963465
Wild Moose,3,YC OSS Startup Directory,https://www.ycombinator.com/companies/wild-moose,2026-09-04T10:28:10.547753
Iliad,1,YC OSS Startup Directory,https://www.ycombinator.com/companies/iliad,2026-09-04T10:28:10.849599
Extend,25,YC OSS Startup Directory,https://www.ycombinator.com/companies/extend,2026-09-04T10:28:10.867597
Fairway Health,3,YC OSS Startup Directory,https://www.ycombinator.com/companies/fairway-health,2026-09-04T10:28:10.920569
Sherloq,6,YC OSS Startup Directory,https://www.ycombinator.com/companies/sherloq,2026-09-04T10:28:10.924569
Hadrius,80,YC OSS Startup Directory,https://www.ycombinator.com/companies/hadrius,2026-09-04T10:28:10.925569
Velos,3,YC OSS Startup Directory,https://www.ycombinator.com/companies/velos,2026-09-04T10:28:10.878760
Fintool,6,YC OSS Startup Directory,https://www.ycombinator.com/companies/fintool,2026-09-04T10:28:10.941986
CombineHealth,15,YC OSS Startup Directory,https://www.ycombinator.com/companies/combinehealth,2026-09-04T10:28:10.997738
Hippo Scribe,2,YC OSS Startup Directory,https://www.ycombinator.com/companies/hippo-scribe,2026-09-04T10:28:10.962118
Sage AI,2,YC OSS Startup Directory,https://www.ycombinator.com/companies/sage-ai,2026-09-04T10:28:11.021647
FactIQ,3,YC OSS Startup Directory,https://www.ycombinator.com/companies/factiq,2026-09-04T10:28:10.957119
SensorSurf,1,YC OSS Startup Directory,https://www.ycombinator.com/companies/sensorsurf,2026-09-04T10:28:11.016642
Variance,12,YC OSS Startup Directory,https://www.ycombinator.com/companies/variance,2026-09-04T10:28:11.015642
Diffuse Bio,10,YC OSS Startup Directory,https://www.ycombinator.com/companies/diffuse-bio,2026-09-04T10:28:11.082773
SuperKalam,20,YC OSS Startup Directory,https://www.ycombinator.com/companies/superkalam,2026-09-04T10:28:11.024864
Corgi Labs,3,YC OSS Startup Directory,https://www.ycombinator.com/companies/corgi-labs,2026-09-04T10:28:11.131810
Echo,3,YC OSS Startup Directory,https://www.ycombinator.com/companies/echo,2026-09-04T10:28:11.068379
Epsilon,2,YC OSS Startup Directory,https://www.ycombinator.com/companies/epsilon,2026-09-04T10:28:11.113815
Maxi,2,YC OSS Startup Directory,https://www.ycombinator.com/companies/maxi,2026-09-04T10:28:11.166094
Hindsight,3,YC OSS Startup Directory,https://www.ycombinator.com/companies/hindsight,2026-09-04T10:28:11.185631
222,23,YC OSS Startup Directory,https://www.ycombinator.com/companies/222,2026-09-04T10:28:11.227960
Helios,3,YC OSS Startup Directory,https://www.ycombinator.com/companies/helios,2026-09-04T10:28:11.223962
DAGWorks Inc.,2,YC OSS Startup Directory,https://www.ycombinator.com/companies/dagworks-inc,2026-09-04T10:28:11.239957
OpenInt,4,YC OSS Startup Directory,https://www.ycombinator.com/companies/openint,2026-09-04T10:28:11.247957
CodeParrot AI,2,YC OSS Startup Directory,https://www.ycombinator.com/companies/codeparrot-ai,2026-09-04T10:28:11.323730
Conduit,15,YC OSS Startup Directory,https://www.ycombinator.com/companies/conduit,2026-09-04T10:28:11.354101
PlayAI,35,YC OSS Startup Directory,https://www.ycombinator.com/companies/playai,2026-09-04T10:28:11.310728
Berry,8,YC OSS Startup Directory,https://www.ycombinator.com/companies/berry,2026-09-04T10:28:11.368105
Persist AI,6,YC OSS Startup Directory,https://www.ycombinator.com/companies/persist-ai,2026-09-04T10:28:11.361100
Decohere,4,YC OSS Startup Directory,https://www.ycombinator.com/companies/decohere,2026-09-04T10:28:11.333124
Vocode,3,YC OSS Startup Directory,https://www.ycombinator.com/companies/vocode,2026-09-04T10:28:11.404393
rex.fit,2,YC OSS Startup Directory,https://www.ycombinator.com/companies/rex-fit,2026-09-04T10:28:11.425388
Fabius,2,YC OSS Startup Directory,https://www.ycombinator.com/companies/fabius,2026-09-04T10:28:11.442392
Finic,4,YC OSS Startup Directory,https://www.ycombinator.com/companies/finic,2026-09-04T10:28:10.929571
Pier,4,YC OSS Startup Directory,https://www.ycombinator.com/companies/pier,2026-09-04T10:28:11.506138
Verata,2,YC OSS Startup Directory,https://www.ycombinator.com/companies/verata,2026-09-04T10:28:11.529391
Metal,17,YC OSS Startup Directory,https://www.ycombinator.com/companies/metal,2026-09-04T10:28:11.517333
Vector,20,YC OSS Startup Directory,https://www.ycombinator.com/companies/vector,2026-09-04T10:28:11.552618
Persana AI,2,YC OSS Startup Directory,https://www.ycombinator.com/companies/persana-ai,2026-09-04T10:28:11.566642
Benchmark,7,YC OSS Startup Directory,https://www.ycombinator.com/companies/benchmark,2026-09-04T10:28:11.504126
Kyber,5,YC OSS Startup Directory,https://www.ycombinator.com/companies/kyber,2026-09-04T10:28:11.520344
Vendora,4,YC OSS Startup Directory,https://www.ycombinator.com/companies/vendora,2026-09-04T10:28:11.604355
Lightski,1,YC OSS Startup Directory,https://www.ycombinator.com/companies/lightski,2026-09-04T10:28:11.598353
Adri AI,3,YC OSS Startup Directory,https://www.ycombinator.com/companies/adri-ai,2026-09-04T10:28:11.613835
KV Cash,,YC OSS Startup Directory,https://www.ycombinator.com/companies/kv-cash,2026-09-04T10:28:11.649101
Second,3,YC OSS Startup Directory,https://www.ycombinator.com/companies/second,2026-09-04T10:28:11.652103
Fetchr,4,YC OSS Startup Directory,https://www.ycombinator.com/companies/fetchr,2026-09-04T10:28:11.674324
Warp,80,YC OSS Startup Directory,https://www.ycombinator.com/companies/warp,2026-09-04T10:28:11.718516
LiteLLM,10,YC OSS Startup Directory,https://www.ycombinator.com/companies/litellm,2026-09-04T10:28:11.727517
Luca,6,YC OSS Startup Directory,https://www.ycombinator.com/companies/luca,2026-09-04T10:28:11.476895
Yuma AI,26,YC OSS Startup Directory,https://www.ycombinator.com/companies/yuma-ai,2026-09-04T10:28:11.748275
Automat,,YC OSS Startup Directory,https://www.ycombinator.com/companies/automat,2026-09-04T10:28:11.758281
Type,5,YC OSS Startup Directory,https://www.ycombinator.com/companies/type,2026-09-04T10:28:11.589685
Vaero,1,YC OSS Startup Directory,https://www.ycombinator.com/companies/vaero,2026-09-04T10:28:11.762431
Kino AI,4,YC OSS Startup Directory,https://www.ycombinator.com/companies/kino-ai,2026-09-04T10:28:11.839488
Ora AI,3,YC OSS Startup Directory,https://www.ycombinator.com/companies/ora-ai,2026-09-04T10:28:11.845486
Pando Bioscience,5,YC OSS Startup Directory,https://www.ycombinator.com/companies/pando-bioscience,2026-09-04T10:28:11.834487
kapa.ai,22,YC OSS Startup Directory,https://www.ycombinator.com/companies/kapa-ai,2026-09-04T10:28:11.817488
Branch AI,3,YC OSS Startup Directory,https://www.ycombinator.com/companies/branch-ai,2026-09-04T10:28:11.863488
Xeol,3,YC OSS Startup Directory,https://www.ycombinator.com/companies/xeol,2026-09-04T10:28:11.851509
Reworkd,1,YC OSS Startup Directory,https://www.ycombinator.com/companies/reworkd,2026-09-04T10:28:11.891911
Clearest Health,11,YC OSS Startup Directory,https://www.ycombinator.com/companies/clearest-health,2026-09-04T10:28:11.901458
Metoro,2,YC OSS Startup Directory,https://www.ycombinator.com/companies/metoro,2026-09-04T10:28:11.911758
Elyos AI,20,YC OSS Startup Directory,https://www.ycombinator.com/companies/elyos-ai,2026-09-04T10:28:11.938582
Accend,18,YC OSS Startup Directory,https://www.ycombinator.com/companies/accend,2026-09-04T10:28:11.934575
Orchid,4,YC OSS Startup Directory,https://www.ycombinator.com/companies/orchid,2026-09-04T10:28:10.911568
Magic Loops,2,YC OSS Startup Directory,https://www.ycombinator.com/companies/magic-loops,2026-09-04T10:28:11.950573
Interlock,2,YC OSS Startup Directory,https://www.ycombinator.com/companies/interlock,2026-09-04T10:28:11.955574
Remy,4,YC OSS Startup Directory,https://www.ycombinator.com/companies/remy,2026-09-04T10:28:11.974989
Diligent,10,YC OSS Startup Directory,https://www.ycombinator.com/companies/diligent,2026-09-04T10:28:12.016571
Deasy Labs,8,YC OSS Startup Directory,https://www.ycombinator.com/companies/deasy-labs,2026-09-04T10:28:12.032761
Pointhound,5,YC OSS Startup Directory,https://www.ycombinator.com/companies/pointhound,2026-09-04T10:28:12.054211
Casca,40,YC OSS Startup Directory,https://www.ycombinator.com/companies/casca,2026-09-04T10:28:12.062181
Cedana,5,YC OSS Startup Directory,https://www.ycombinator.com/companies/cedana,2026-09-04T10:28:12.041759
OpenTools,3,YC OSS Startup Directory,https://www.ycombinator.com/companies/opentools,2026-09-04T10:28:12.092675
Contour,2,YC OSS Startup Directory,https://www.ycombinator.com/companies/contour,2026-09-04T10:28:12.136975
Prosper,9,YC OSS Startup Directory,https://www.ycombinator.com/companies/prosper,2026-09-04T10:28:12.150554
Mandel AI,2,YC OSS Startup Directory,https://www.ycombinator.com/companies/mandel-ai,2026-09-04T10:28:12.139975
Sohar Health,8,YC OSS Startup Directory,https://www.ycombinator.com/companies/sohar-health,2026-09-04T10:28:12.007080
Talc,3,YC OSS Startup Directory,https://www.ycombinator.com/companies/talc,2026-09-04T10:28:12.174299
Retape,3,YC OSS Startup Directory,https://www.ycombinator.com/companies/retape,2026-09-04T10:28:11.116809
PropRise,3,YC OSS Startup Directory,https://www.ycombinator.com/companies/proprise,2026-09-04T10:28:12.214812
Synch,4,YC OSS Startup Directory,https://www.ycombinator.com/companies/synch,2026-09-04T10:28:12.222272
Lifelike,2,YC OSS Startup Directory,https://www.ycombinator.com/companies/lifelike,2026-09-04T10:28:12.206531
CORE,3,YC OSS Startup Directory,https://www.ycombinator.com/companies/heysol,2026-09-04T10:28:12.253832
Atla,10,YC OSS Startup Directory,https://www.ycombinator.com/companies/atla,2026-09-04T10:28:12.120973
Subsets,7,YC OSS Startup Directory,https://www.ycombinator.com/companies/subsets,2026-09-04T10:28:12.306436
GreenTally,2,YC OSS Startup Directory,https://www.ycombinator.com/companies/greentally,2026-09-04T10:28:12.266020
Spine AI,7,YC OSS Startup Directory,https://www.ycombinator.com/companies/spine-ai,2026-09-04T10:28:12.310450
SID,7,YC OSS Startup Directory,https://www.ycombinator.com/companies/sid,2026-09-04T10:28:12.329762
Baud,3,YC OSS Startup Directory,https://www.ycombinator.com/companies/baud,2026-09-04T10:28:12.316449
EzDubs,6,YC OSS Startup Directory,https://www.ycombinator.com/companies/ezdubs,2026-09-04T10:28:10.873598
Parea,2,YC OSS Startup Directory,https://www.ycombinator.com/companies/parea,2026-09-04T10:28:12.369688
Campfire,105,YC OSS Startup Directory,https://www.ycombinator.com/companies/campfire-2,2026-09-04T10:28:12.386118
Bronco AI,5,YC OSS Startup Directory,https://www.ycombinator.com/companies/bronco-ai,2026-09-04T10:28:12.401907
Venta AI,7,YC OSS Startup Directory,https://www.ycombinator.com/companies/venta-ai,2026-09-04T10:28:12.425891
Punchcard,6,YC OSS Startup Directory,https://www.ycombinator.com/companies/punchcard,2026-09-04T10:28:12.398805
Corgea,6,YC OSS Startup Directory,https://www.ycombinator.com/companies/corgea,2026-09-04T10:28:12.483560
Kite,2,YC OSS Startup Directory,https://www.ycombinator.com/companies/kite,2026-09-04T10:28:12.407913
Arcimus,2,YC OSS Startup Directory,https://www.ycombinator.com/companies/arcimus,2026-09-04T10:28:12.487561
Sierra,8,YC OSS Startup Directory,https://www.ycombinator.com/companies/serra,2026-09-04T10:28:12.496709
Alguna,10,YC OSS Startup Directory,https://www.ycombinator.com/companies/alguna,2026-09-04T10:28:12.452328
Docsum,4,YC OSS Startup Directory,https://www.ycombinator.com/companies/docsum,2026-09-04T10:28:12.481087
Outset,30,YC OSS Startup Directory,https://www.ycombinator.com/companies/outset,2026-09-04T10:28:12.522287
Shasta Health,5,YC OSS Startup Directory,https://www.ycombinator.com/companies/shasta-health,2026-09-04T10:28:12.527111
Obento Health,2,YC OSS Startup Directory,https://www.ycombinator.com/companies/obento-health,2026-09-04T10:28:12.520285
Health Harbor,4,YC OSS Startup Directory,https://www.ycombinator.com/companies/health-harbor,2026-09-04T10:28:12.580040
Dialtone,2,YC OSS Startup Directory,https://www.ycombinator.com/companies/dialtone,2026-09-04T10:28:12.583497
Boundary,10,YC OSS Startup Directory,https://www.ycombinator.com/companies/boundary,2026-09-04T10:28:11.090779
Cardinal Gray,6,YC OSS Startup Directory,https://www.ycombinator.com/companies/cardinal-gray,2026-09-04T10:28:12.573629
Skyvern,10,YC OSS Startup Directory,https://www.ycombinator.com/companies/skyvern,2026-09-04T10:28:12.595495
Repaint,2,YC OSS Startup Directory,https://www.ycombinator.com/companies/repaint,2026-09-04T10:28:12.561287
FleetWorks,20,YC OSS Startup Directory,https://www.ycombinator.com/companies/fleetworks,2026-09-04T10:28:12.596496
Decoda Health,15,YC OSS Startup Directory,https://www.ycombinator.com/companies/decoda-health,2026-09-04T10:28:12.601008
Lysto,2,YC OSS Startup Directory,https://www.ycombinator.com/companies/lysto,2026-09-04T10:28:12.647648
Numen,18,YC OSS Startup Directory,https://www.ycombinator.com/companies/numen,2026-09-04T10:28:12.660547
Pylon,120,YC OSS Startup Directory,https://www.ycombinator.com/companies/pylon-2,2026-09-04T10:28:12.698137
Surface Labs,6,YC OSS Startup Directory,https://www.ycombinator.com/companies/surface-labs,2026-09-04T10:28:12.712418
Unhaze,6,YC OSS Startup Directory,https://www.ycombinator.com/companies/unhaze,2026-09-04T10:28:12.718457
MediSearch,6,YC OSS Startup Directory,https://www.ycombinator.com/companies/medisearch,2026-09-04T10:28:12.724527
VetRec,45,YC OSS Startup Directory,https://www.ycombinator.com/companies/vetrec,2026-09-04T10:28:12.649650
Sidenote,3,YC OSS Startup Directory,https://www.ycombinator.com/companies/sidenote,2026-09-04T10:28:12.748971
Bretton AI,34,YC OSS Startup Directory,https://www.ycombinator.com/companies/bretton-ai,2026-09-04T10:28:12.751970
AgentCollect,42,YC OSS Startup Directory,https://www.ycombinator.com/companies/agentcollect,2026-09-04T10:28:12.781595
Vizly,2,YC OSS Startup Directory,https://www.ycombinator.com/companies/vizly,2026-09-04T10:28:12.767849
Glade,3,YC OSS Startup Directory,https://www.ycombinator.com/companies/glade,2026-09-04T10:28:12.810322
sizeless,3,YC OSS Startup Directory,https://www.ycombinator.com/companies/sizeless,2026-09-04T10:28:12.816453
Truewind,30,YC OSS Startup Directory,https://www.ycombinator.com/companies/truewind,2026-09-04T10:28:12.822550
Guac,7,YC OSS Startup Directory,https://www.ycombinator.com/companies/guac,2026-09-04T10:28:12.796801
Pincites,4,YC OSS Startup Directory,https://www.ycombinator.com/companies/pincites,2026-09-04T10:28:12.831136
Continue,,YC OSS Startup Directory,https://www.ycombinator.com/companies/continue,2026-09-04T10:28:12.840577
Gleam,4,YC OSS Startup Directory,https://www.ycombinator.com/companies/gleam,2026-09-04T10:28:12.898500
Trainy,3,YC OSS Startup Directory,https://www.ycombinator.com/companies/trainy,2026-09-04T10:28:12.906002
Clueso,25,YC OSS Startup Directory,https://www.ycombinator.com/companies/clueso,2026-09-04T10:28:11.039851
Bolto,20,YC OSS Startup Directory,https://www.ycombinator.com/companies/bolto,2026-09-04T10:28:12.918698
Studdy,4,YC OSS Startup Directory,https://www.ycombinator.com/companies/studdy,2026-09-04T10:28:12.889428
Rimward,1,YC OSS Startup Directory,https://www.ycombinator.com/companies/rimward,2026-09-04T10:28:12.855028
Maven Bio,10,YC OSS Startup Directory,https://www.ycombinator.com/companies/maven-bio,2026-09-04T10:28:12.884427
Khoj,2,YC OSS Startup Directory,https://www.ycombinator.com/companies/khoj,2026-09-04T10:28:12.944699
Sola,5,YC OSS Startup Directory,https://www.ycombinator.com/companies/sola,2026-09-04T10:28:13.023017
Vango AI,2,YC OSS Startup Directory,https://www.ycombinator.com/companies/vango-ai,2026-09-04T10:28:13.029016
Slicker,2,YC OSS Startup Directory,https://www.ycombinator.com/companies/slicker,2026-09-04T10:28:13.007793
Baserun,2,YC OSS Startup Directory,https://www.ycombinator.com/companies/baserun,2026-09-04T10:28:13.036018
Energent AI,10,YC OSS Startup Directory,https://www.ycombinator.com/companies/energent-ai,2026-09-04T10:28:12.966219
Automorphic,3,YC OSS Startup Directory,https://www.ycombinator.com/companies/automorphic,2026-09-04T10:28:13.069251
Midrender,1,YC OSS Startup Directory,https://www.ycombinator.com/companies/midrender,2026-09-04T10:28:12.838580
Inari,2,YC OSS Startup Directory,https://www.ycombinator.com/companies/inari,2026-09-04T10:28:13.091352
Flint,18,YC OSS Startup Directory,https://www.ycombinator.com/companies/flint-2,2026-09-04T10:28:13.112031
Andromeda Surgical,12,YC OSS Startup Directory,https://www.ycombinator.com/companies/andromeda-surgical,2026-09-04T10:28:13.151720
Chatter,2,YC OSS Startup Directory,https://www.ycombinator.com/companies/chatter,2026-09-04T10:28:13.204566
Movley,8,YC OSS Startup Directory,https://www.ycombinator.com/companies/movley,2026-09-04T10:28:13.227002
Sweep,4,YC OSS Startup Directory,https://www.ycombinator.com/companies/sweep,2026-09-04T10:28:13.219002
Langdock,55,YC OSS Startup Directory,https://www.ycombinator.com/companies/langdock,2026-09-04T10:28:13.246733
sudocode,2,YC OSS Startup Directory,https://www.ycombinator.com/companies/sudocode,2026-09-04T10:28:13.241631
Silimate,8,YC OSS Startup Directory,https://www.ycombinator.com/companies/silimate,2026-09-04T10:28:13.281139
Coldreach,3,YC OSS Startup Directory,https://www.ycombinator.com/companies/coldreach,2026-09-04T10:28:13.249741
HappyRobot,80,YC OSS Startup Directory,https://www.ycombinator.com/companies/happyrobot,2026-09-04T10:28:13.317223
Upfront,4,YC OSS Startup Directory,https://www.ycombinator.com/companies/upfront,2026-09-04T10:28:12.669134
Terracotta AI,3,YC OSS Startup Directory,https://www.ycombinator.com/companies/terracotta-ai,2026-09-04T10:28:13.342206
Minded,2,YC OSS Startup Directory,https://www.ycombinator.com/companies/minded,2026-09-04T10:28:13.363070
Fiber AI,8,YC OSS Startup Directory,https://www.ycombinator.com/companies/fiber-ai,2026-09-04T10:28:13.370300
Tiptap,19,YC OSS Startup Directory,https://www.ycombinator.com/companies/tiptap,2026-09-04T10:28:13.354394
Strada,21,YC OSS Startup Directory,https://www.ycombinator.com/companies/strada,2026-09-04T10:28:13.367068
Caire Health,6,YC OSS Startup Directory,https://www.ycombinator.com/companies/cair-health,2026-09-04T10:28:13.425888
Roame,2,YC OSS Startup Directory,https://www.ycombinator.com/companies/roame,2026-09-04T10:28:13.454633
Quill Bills,3,YC OSS Startup Directory,https://www.ycombinator.com/companies/quill-bills,2026-09-04T10:28:13.436297
dili,15,YC OSS Startup Directory,https://www.ycombinator.com/companies/dili,2026-09-04T10:28:13.458638
Webhound,2,YC OSS Startup Directory,https://www.ycombinator.com/companies/webhound,2026-09-04T10:28:13.441305
Readily,20,YC OSS Startup Directory,https://www.ycombinator.com/companies/readily,2026-09-04T10:28:13.434889
Hyperbound,30,YC OSS Startup Directory,https://www.ycombinator.com/companies/hyperbound,2026-09-04T10:28:13.492223
1stCollab,11,YC OSS Startup Directory,https://www.ycombinator.com/companies/1stcollab,2026-09-04T10:28:13.462134
Foundation,4,YC OSS Startup Directory,https://www.ycombinator.com/companies/foundation-2,2026-09-04T10:28:13.573090
FlowiseAI,5,YC OSS Startup Directory,https://www.ycombinator.com/companies/flowiseai,2026-09-04T10:28:13.545018
Saatvy,1,YC OSS Startup Directory,https://www.ycombinator.com/companies/saatvy,2026-09-04T10:28:13.528951
Kips Health,2,YC OSS Startup Directory,https://www.ycombinator.com/companies/kips-health,2026-09-04T10:28:13.584092
Twine,6,YC OSS Startup Directory,https://www.ycombinator.com/companies/twine,2026-09-04T10:28:13.595792
Simbie AI,5,YC OSS Startup Directory,https://www.ycombinator.com/companies/simbie-ai,2026-09-04T10:28:13.582090
Mocha,7,YC OSS Startup Directory,https://www.ycombinator.com/companies/mocha,2026-09-04T10:28:13.603596
Nowadays,6,YC OSS Startup Directory,https://www.ycombinator.com/companies/nowadays,2026-09-04T10:28:13.646160
Morph,3,YC OSS Startup Directory,https://www.ycombinator.com/companies/morph,2026-09-04T10:28:13.667647
Structured Labs,5,YC OSS Startup Directory,https://www.ycombinator.com/companies/structured-labs,2026-09-04T10:28:13.685886
Inconvo,2,YC OSS Startup Directory,https://www.ycombinator.com/companies/inconvo,2026-09-04T10:28:13.466516
Constructable,6,YC OSS Startup Directory,https://www.ycombinator.com/companies/constructable,2026-09-04T10:28:13.721298
Wattson Health,3,YC OSS Startup Directory,https://www.ycombinator.com/companies/wattson-health,2026-09-04T10:28:13.717297
AiSDR,5,YC OSS Startup Directory,https://www.ycombinator.com/companies/aisdr,2026-09-04T10:28:13.663644
Autotab,2,YC OSS Startup Directory,https://www.ycombinator.com/companies/autotab,2026-09-04T10:28:13.760847
Cognitio Labs,3,YC OSS Startup Directory,https://www.ycombinator.com/companies/cognitio-labs,2026-09-04T10:28:13.769281
truemetrics,5,YC OSS Startup Directory,https://www.ycombinator.com/companies/truemetrics,2026-09-04T10:28:13.819012
Orbio Earth,6,YC OSS Startup Directory,https://www.ycombinator.com/companies/orbio-earth,2026-09-04T10:28:13.827810
Epsilla,3,YC OSS Startup Directory,https://www.ycombinator.com/companies/epsilla,2026-09-04T10:28:13.784633
CodeStory,4,YC OSS Startup Directory,https://www.ycombinator.com/companies/codestory,2026-09-04T10:28:13.823692
jo,2,YC OSS Startup Directory,https://www.ycombinator.com/companies/jo,2026-09-04T10:28:13.815672
Opensteer,1,YC OSS Startup Directory,https://www.ycombinator.com/companies/opensteer,2026-09-04T10:28:13.790897
Letterbook,2,YC OSS Startup Directory,https://www.ycombinator.com/companies/letterbook,2026-09-04T10:28:13.835817
Catamaran,5,YC OSS Startup Directory,https://www.ycombinator.com/companies/catamaran,2026-09-04T10:28:13.844091
Onyx,20,YC OSS Startup Directory,https://www.ycombinator.com/companies/onyx,2026-09-04T10:28:13.848259
Upsolve AI,5,YC OSS Startup Directory,https://www.ycombinator.com/companies/upsolve-ai,2026-09-04T10:28:13.886405
RadMate AI,2,YC OSS Startup Directory,https://www.ycombinator.com/companies/radmate-ai,2026-09-04T10:28:13.948132
OpenPipe,2,YC OSS Startup Directory,https://www.ycombinator.com/companies/openpipe,2026-09-04T10:28:13.930643
TableFlow,2,YC OSS Startup Directory,https://www.ycombinator.com/companies/tableflow,2026-09-04T10:28:13.900166
Empirical Health,4,YC OSS Startup Directory,https://www.ycombinator.com/companies/empirical-health,2026-09-04T10:28:12.773172
ego,9,YC OSS Startup Directory,https://www.ycombinator.com/companies/ego,2026-09-04T10:28:13.977772
Cora,3,YC OSS Startup Directory,https://www.ycombinator.com/companies/cora,2026-09-04T10:28:14.011790
Ubicloud,15,YC OSS Startup Directory,https://www.ycombinator.com/companies/ubicloud,2026-09-04T10:28:14.025232
Legora,400,YC OSS Startup Directory,https://www.ycombinator.com/companies/legora,2026-09-04T10:28:13.956132
Event Horizon Labs,10,YC OSS Startup Directory,https://www.ycombinator.com/companies/event-horizon-labs,2026-09-04T10:28:13.910912
Happenstance,3,YC OSS Startup Directory,https://www.ycombinator.com/companies/happenstance,2026-09-04T10:28:14.106516
DisputeNinja,2,YC OSS Startup Directory,https://www.ycombinator.com/companies/disputeninja,2026-09-04T10:28:13.272130
Greptile,35,YC OSS Startup Directory,https://www.ycombinator.com/companies/greptile,2026-09-04T10:28:14.079437
Kabilah,,YC OSS Startup Directory,https://www.ycombinator.com/companies/kabilah,2026-09-04T10:28:14.119707
Scritch,,YC OSS Startup Directory,https://www.ycombinator.com/companies/scritch,2026-09-04T10:28:13.942131
Duckie,4,YC OSS Startup Directory,https://www.ycombinator.com/companies/duckie,2026-09-04T10:28:14.095479
ion design,3,YC OSS Startup Directory,https://www.ycombinator.com/companies/ion-design,2026-09-04T10:28:14.140916
Poka Labs,5,YC OSS Startup Directory,https://www.ycombinator.com/companies/poka-labs,2026-09-04T10:28:14.200794
Tracecat,,YC OSS Startup Directory,https://www.ycombinator.com/companies/tracecat,2026-09-04T10:28:14.262155
Reducto,30,YC OSS Startup Directory,https://www.ycombinator.com/companies/reducto,2026-09-04T10:28:14.232177
Momentic,15,YC OSS Startup Directory,https://www.ycombinator.com/companies/momentic,2026-09-04T10:28:14.276999
Saga AI,2,YC OSS Startup Directory,https://www.ycombinator.com/companies/saga-ai,2026-09-04T10:28:14.313499
Precip,3,YC OSS Startup Directory,https://www.ycombinator.com/companies/precip,2026-09-04T10:28:14.154927
Tuesday Labs,7,YC OSS Startup Directory,https://www.ycombinator.com/companies/tuesday-labs,2026-09-04T10:28:14.337020
Alex,30,YC OSS Startup Directory,https://www.ycombinator.com/companies/alex-com,2026-09-04T10:28:14.329015
ShortLoop,8,YC OSS Startup Directory,https://www.ycombinator.com/companies/shortloop,2026-09-04T10:28:14.320017
nCompass Technologies,3,YC OSS Startup Directory,https://www.ycombinator.com/companies/ncompass-technologies,2026-09-04T10:28:14.369070
Quary,2,YC OSS Startup Directory,https://www.ycombinator.com/companies/quary,2026-09-04T10:28:14.317009
Andon Labs,11,YC OSS Startup Directory,https://www.ycombinator.com/companies/andon-labs,2026-09-04T10:28:14.385669
Pretzel AI,2,YC OSS Startup Directory,https://www.ycombinator.com/companies/pretzel-ai,2026-09-04T10:28:14.405112
AveryIQ,3,YC OSS Startup Directory,https://www.ycombinator.com/companies/averyiq,2026-09-04T10:28:14.488764
Pivot Robotics,7,YC OSS Startup Directory,https://www.ycombinator.com/companies/pivot-robotics,2026-09-04T10:28:14.415931
PointOne,35,YC OSS Startup Directory,https://www.ycombinator.com/companies/pointone,2026-09-04T10:28:14.528422
Patchwork,2,YC OSS Startup Directory,https://www.ycombinator.com/companies/patchwork,2026-09-04T10:28:14.535873
ROE,9,YC OSS Startup Directory,https://www.ycombinator.com/companies/roe,2026-09-04T10:28:14.572170
Leaping,2,YC OSS Startup Directory,https://www.ycombinator.com/companies/leaping,2026-09-04T10:28:14.550859
Agentic Labs,2,YC OSS Startup Directory,https://www.ycombinator.com/companies/agentic-labs-2,2026-09-04T10:28:14.580178
Arini,17,YC OSS Startup Directory,https://www.ycombinator.com/companies/arini,2026-09-04T10:28:14.564860
Artisan,50,YC OSS Startup Directory,https://www.ycombinator.com/companies/artisan,2026-09-04T10:28:14.601114
Sonia,7,YC OSS Startup Directory,https://www.ycombinator.com/companies/sonia,2026-09-04T10:28:14.110514
Greenboard,35,YC OSS Startup Directory,https://www.ycombinator.com/companies/greenboard,2026-09-04T10:28:14.637225
Goldbridge,3,YC OSS Startup Directory,https://www.ycombinator.com/companies/goldbridge,2026-09-04T10:28:13.902396
Keystroke,4,YC OSS Startup Directory,https://www.ycombinator.com/companies/keystroke,2026-09-04T10:28:14.413929
Simplex,2,YC OSS Startup Directory,https://www.ycombinator.com/companies/simplex,2026-09-04T10:28:14.663125
Breez Labs,2,YC OSS Startup Directory,https://www.ycombinator.com/companies/breez-labs,2026-09-04T10:28:14.629125
Trellis AI,34,YC OSS Startup Directory,https://www.ycombinator.com/companies/trellis-ai,2026-09-04T10:28:14.671521
Ecliptor,2,YC OSS Startup Directory,https://www.ycombinator.com/companies/ecliptor,2026-09-04T10:28:14.736234
Topo,12,YC OSS Startup Directory,https://www.ycombinator.com/companies/topo,2026-09-04T10:28:14.679471
Basalt,6,YC OSS Startup Directory,https://www.ycombinator.com/companies/basalt,2026-09-04T10:28:14.616125
Blume Benefits,3,YC OSS Startup Directory,https://www.ycombinator.com/companies/blume-benefits,2026-09-04T10:28:14.805608
OneGrep,2,YC OSS Startup Directory,https://www.ycombinator.com/companies/onegrep,2026-09-04T10:28:14.890129
PromptArmor,,YC OSS Startup Directory,https://www.ycombinator.com/companies/promptarmor,2026-09-04T10:28:14.901673
Inkeep,18,YC OSS Startup Directory,https://www.ycombinator.com/companies/inkeep,2026-09-04T10:28:10.902569
DryMerge,4,YC OSS Startup Directory,https://www.ycombinator.com/companies/drymerge,2026-09-04T10:28:14.905018
Glimmer,2,YC OSS Startup Directory,https://www.ycombinator.com/companies/glimmer,2026-09-04T10:28:14.926646
Respan,23,YC OSS Startup Directory,https://www.ycombinator.com/companies/respan,2026-09-04T10:28:14.955741
Panelytic,2,YC OSS Startup Directory,https://www.ycombinator.com/companies/panelytic,2026-09-04T10:28:14.963471
Central,15,YC OSS Startup Directory,https://www.ycombinator.com/companies/central,2026-09-04T10:28:15.027262
LemonSlice,8,YC OSS Startup Directory,https://www.ycombinator.com/companies/lemonslice,2026-09-04T10:28:15.034261
Polished,,YC OSS Startup Directory,https://www.ycombinator.com/companies/polished,2026-09-04T10:28:15.043757
Eggnog,1,YC OSS Startup Directory,https://www.ycombinator.com/companies/eggnog,2026-09-04T10:28:14.653124
Monumint,5,YC OSS Startup Directory,https://www.ycombinator.com/companies/monumint,2026-09-04T10:28:15.061247
Meticulate,5,YC OSS Startup Directory,https://www.ycombinator.com/companies/meticulate,2026-09-04T10:28:14.859784
Decipher AI,4,YC OSS Startup Directory,https://www.ycombinator.com/companies/decipher-ai,2026-09-04T10:28:15.096610
Guide Labs,6,YC OSS Startup Directory,https://www.ycombinator.com/companies/guide-labs,2026-09-04T10:28:15.105323
Tamarind Bio,20,YC OSS Startup Directory,https://www.ycombinator.com/companies/tamarind-bio,2026-09-04T10:28:15.164882
Toolify,2,YC OSS Startup Directory,https://www.ycombinator.com/companies/toolify,2026-09-04T10:28:15.124844
Parallel,15,YC OSS Startup Directory,https://www.ycombinator.com/companies/parallel,2026-09-04T10:28:15.218328
PandasAI,3,YC OSS Startup Directory,https://www.ycombinator.com/companies/pandasai,2026-09-04T10:28:15.179623
Cedalio,6,YC OSS Startup Directory,https://www.ycombinator.com/companies/cedalio,2026-09-04T10:28:13.446461
Fuse,3,YC OSS Startup Directory,https://www.ycombinator.com/companies/fuse-2,2026-09-04T10:28:15.244355
Navier AI,7,YC OSS Startup Directory,https://www.ycombinator.com/companies/navier-ai,2026-09-04T10:28:15.224329
GloGlo,3,YC OSS Startup Directory,https://www.ycombinator.com/companies/gloglo,2026-09-04T10:28:15.151869
Vibrant Labs,6,YC OSS Startup Directory,https://www.ycombinator.com/companies/vibrant-labs,2026-09-04T10:28:15.167884
Feldy,8,YC OSS Startup Directory,https://www.ycombinator.com/companies/feldy,2026-09-04T10:28:15.340485
NanoCorp,1,YC OSS Startup Directory,https://www.ycombinator.com/companies/nanocorp,2026-09-04T10:28:15.360404
Firebender,1,YC OSS Startup Directory,https://www.ycombinator.com/companies/firebender,2026-09-04T10:28:15.347419
Shortbread,4,YC OSS Startup Directory,https://www.ycombinator.com/companies/shortbread,2026-09-04T10:28:15.377243
StarJar,11,YC OSS Startup Directory,https://www.ycombinator.com/companies/starjar,2026-09-04T10:28:14.857774
Centralize,9,YC OSS Startup Directory,https://www.ycombinator.com/companies/centralize,2026-09-04T10:28:15.391348
Resonance,2,YC OSS Startup Directory,https://www.ycombinator.com/companies/resonance,2026-09-04T10:28:15.407151
Salvy,27,YC OSS Startup Directory,https://www.ycombinator.com/companies/salvy,2026-09-04T10:28:15.460483
Copper Health,2,YC OSS Startup Directory,https://www.ycombinator.com/companies/copper-health,2026-09-04T10:28:15.395381
Clarion,16,YC OSS Startup Directory,https://www.ycombinator.com/companies/clarion,2026-09-04T10:28:15.458482
Draftaid,14,YC OSS Startup Directory,https://www.ycombinator.com/companies/draftaid,2026-09-04T10:28:15.485403
Solari AI,1,YC OSS Startup Directory,https://www.ycombinator.com/companies/solari-ai,2026-09-04T10:28:15.498955
Ellipsis,2,YC OSS Startup Directory,https://www.ycombinator.com/companies/ellipsis,2026-09-04T10:28:15.526848
Sagaland,2,YC OSS Startup Directory,https://www.ycombinator.com/companies/sagaland,2026-09-04T10:28:15.539379
Speck,3,YC OSS Startup Directory,https://www.ycombinator.com/companies/speck,2026-09-04T10:28:15.581808
Aedilic,2,YC OSS Startup Directory,https://www.ycombinator.com/companies/aedilic,2026-09-04T10:28:15.424619
Browser Buddy,2,YC OSS Startup Directory,https://www.ycombinator.com/companies/browser-buddy,2026-09-04T10:28:15.545380
Carma,15,YC OSS Startup Directory,https://www.ycombinator.com/companies/carma,2026-09-04T10:28:15.639280
Pazi,7,YC OSS Startup Directory,https://www.ycombinator.com/companies/pazi,2026-09-04T10:28:15.431635
Trieve,7,YC OSS Startup Directory,https://www.ycombinator.com/companies/trieve,2026-09-04T10:28:15.648279
Toma,20,YC OSS Startup Directory,https://www.ycombinator.com/companies/toma,2026-09-04T10:28:15.652277
Superagent,2,YC OSS Startup Directory,https://www.ycombinator.com/companies/superagent,2026-09-04T10:28:15.549723
OffDeal,15,YC OSS Startup Directory,https://www.ycombinator.com/companies/offdeal,2026-09-04T10:28:15.713227
Abel,2,YC OSS Startup Directory,https://www.ycombinator.com/companies/abel,2026-09-04T10:28:15.730335
Whip,6,YC OSS Startup Directory,https://www.ycombinator.com/companies/whip,2026-09-04T10:28:15.641280
Soundry AI,2,YC OSS Startup Directory,https://www.ycombinator.com/companies/soundry-ai,2026-09-04T10:28:15.729334
Booth AI,3,YC OSS Startup Directory,https://www.ycombinator.com/companies/booth-ai,2026-09-04T10:28:15.709228
Attunement,3,YC OSS Startup Directory,https://www.ycombinator.com/companies/attunement,2026-09-04T10:28:15.715228
Overeasy,2,YC OSS Startup Directory,https://www.ycombinator.com/companies/overeasy,2026-09-04T10:28:15.786564
Hazel,6,YC OSS Startup Directory,https://www.ycombinator.com/companies/hazel-2,2026-09-04T10:28:15.859087
EdgeTrace,2,YC OSS Startup Directory,https://www.ycombinator.com/companies/edgetrace,2026-09-04T10:28:15.819087
ProSights,14,YC OSS Startup Directory,https://www.ycombinator.com/companies/prosights,2026-09-04T10:28:15.878373
Clarum,2,YC OSS Startup Directory,https://www.ycombinator.com/companies/clarum,2026-09-04T10:28:15.795572
Raindrop,9,YC OSS Startup Directory,https://www.ycombinator.com/companies/raindrop,2026-09-04T10:28:15.862373
Manifold Freight,5,YC OSS Startup Directory,https://www.ycombinator.com/companies/manifold-freight,2026-09-04T10:28:15.807086
crmCopilot,2,YC OSS Startup Directory,https://www.ycombinator.com/companies/crmcopilot,2026-09-04T10:28:15.453151
Diana,7,YC OSS Startup Directory,https://www.ycombinator.com/companies/diana,2026-09-04T10:28:15.987772
JustAI,4,YC OSS Startup Directory,https://www.ycombinator.com/companies/justai,2026-09-04T10:28:15.990763
Risotto,3,YC OSS Startup Directory,https://www.ycombinator.com/companies/risotto,2026-09-04T10:28:15.945745
Preloop,2,YC OSS Startup Directory,https://www.ycombinator.com/companies/preloop,2026-09-04T10:28:15.873372
Focal,2,YC OSS Startup Directory,https://www.ycombinator.com/companies/focal,2026-09-04T10:28:16.048792
Ligo Biosciences,4,YC OSS Startup Directory,https://www.ycombinator.com/companies/ligo-biosciences,2026-09-04T10:28:15.974745
Yondu,12,YC OSS Startup Directory,https://www.ycombinator.com/companies/yondu,2026-09-04T10:28:16.083327
BetterBasket,5,YC OSS Startup Directory,https://www.ycombinator.com/companies/betterbasket,2026-09-04T10:28:16.000762
Rankai,3,YC OSS Startup Directory,https://www.ycombinator.com/companies/rankai,2026-09-04T10:28:16.038792
Lumetric,2,YC OSS Startup Directory,https://www.ycombinator.com/companies/lumetric,2026-09-04T10:28:16.119410
HeartByte,2,YC OSS Startup Directory,https://www.ycombinator.com/companies/heartbyte,2026-09-04T10:28:16.100364
Giga,30,YC OSS Startup Directory,https://www.ycombinator.com/companies/giga,2026-09-04T10:28:16.051807
Zep AI,10,YC OSS Startup Directory,https://www.ycombinator.com/companies/zep-ai,2026-09-04T10:28:16.182207
Deep24,2,YC OSS Startup Directory,https://www.ycombinator.com/companies/deep24,2026-09-04T10:28:16.178207
Model ML,80,YC OSS Startup Directory,https://www.ycombinator.com/companies/model-ml,2026-09-04T10:28:16.095362
Downlink,1,YC OSS Startup Directory,https://www.ycombinator.com/companies/downlink,2026-09-04T10:28:16.195165
Floworks,20,YC OSS Startup Directory,https://www.ycombinator.com/companies/floworks,2026-09-04T10:28:10.845597
Centauri AI,5,YC OSS Startup Directory,https://www.ycombinator.com/companies/centauri-ai,2026-09-04T10:28:15.947746
Rove,4,YC OSS Startup Directory,https://www.ycombinator.com/companies/rove,2026-09-04T10:28:16.272915
Thorntale,2,YC OSS Startup Directory,https://www.ycombinator.com/companies/thorntale,2026-09-04T10:28:16.251914
Adapted,2,YC OSS Startup Directory,https://www.ycombinator.com/companies/adapted,2026-09-04T10:28:16.317751
Alai,5,YC OSS Startup Directory,https://www.ycombinator.com/companies/alai,2026-09-04T10:28:16.151765
Aqua Voice,5,YC OSS Startup Directory,https://www.ycombinator.com/companies/aqua-voice,2026-09-04T10:28:16.366000
Deepnight,16,YC OSS Startup Directory,https://www.ycombinator.com/companies/deepnight,2026-09-04T10:28:16.344909
Fluently,2,YC OSS Startup Directory,https://www.ycombinator.com/companies/fluently,2026-09-04T10:28:16.382524
Open,21,YC OSS Startup Directory,https://www.ycombinator.com/companies/open,2026-09-04T10:28:15.416152
Basepilot,2,YC OSS Startup Directory,https://www.ycombinator.com/companies/basepilot,2026-09-04T10:28:16.345910
Ocular AI,8,YC OSS Startup Directory,https://www.ycombinator.com/companies/ocular-ai,2026-09-04T10:28:16.388526
Ryse,13,YC OSS Startup Directory,https://www.ycombinator.com/companies/ryse,2026-09-04T10:28:16.462807
camelAI,3,YC OSS Startup Directory,https://www.ycombinator.com/companies/camelai,2026-09-04T10:28:16.483129
Marblism,5,YC OSS Startup Directory,https://www.ycombinator.com/companies/marblism,2026-09-04T10:28:16.482129
Andy AI,5,YC OSS Startup Directory,https://www.ycombinator.com/companies/andy-ai,2026-09-04T10:28:15.777563
Magic Hour,2,YC OSS Startup Directory,https://www.ycombinator.com/companies/magic-hour,2026-09-04T10:28:16.495136
Spark,5,YC OSS Startup Directory,https://www.ycombinator.com/companies/spark,2026-09-04T10:28:16.231737
Arcane,2,YC OSS Startup Directory,https://www.ycombinator.com/companies/arcane,2026-09-04T10:28:16.548589
InQuery,4,YC OSS Startup Directory,https://www.ycombinator.com/companies/inquery-2,2026-09-04T10:28:15.149867
OpenFoundry,2,YC OSS Startup Directory,https://www.ycombinator.com/companies/openfoundry,2026-09-04T10:28:16.522317
Lumona,1,YC OSS Startup Directory,https://www.ycombinator.com/companies/lumona,2026-09-04T10:28:16.636614
Senso,8,YC OSS Startup Directory,https://www.ycombinator.com/companies/senso,2026-09-04T10:28:16.614599
Spur,8,YC OSS Startup Directory,https://www.ycombinator.com/companies/spur,2026-09-04T10:28:16.665472
Reform,13,YC OSS Startup Directory,https://www.ycombinator.com/companies/reform,2026-09-04T10:28:16.677473
Nuanced,2,YC OSS Startup Directory,https://www.ycombinator.com/companies/nuanced,2026-09-04T10:28:16.591050
Shepherd,5,YC OSS Startup Directory,https://www.ycombinator.com/companies/shepherd-2,2026-09-04T10:28:16.536588
Latted,2,YC OSS Startup Directory,https://www.ycombinator.com/companies/latted,2026-09-04T10:28:16.764006
Mathos,5,YC OSS Startup Directory,https://www.ycombinator.com/companies/mathos,2026-09-04T10:28:16.778714
CommodityAI,6,YC OSS Startup Directory,https://www.ycombinator.com/companies/commodityai,2026-09-04T10:28:16.802720
Silogy,3,YC OSS Startup Directory,https://www.ycombinator.com/companies/silogy,2026-09-04T10:28:16.761004
Veles,5,YC OSS Startup Directory,https://www.ycombinator.com/companies/veles,2026-09-04T10:28:16.668473
Openmart,6,YC OSS Startup Directory,https://www.ycombinator.com/companies/openmart,2026-09-04T10:28:16.834328
GetCrux,9,YC OSS Startup Directory,https://www.ycombinator.com/companies/getcrux,2026-09-04T10:28:16.869359
Yarn,6,YC OSS Startup Directory,https://www.ycombinator.com/companies/yarn-2,2026-09-04T10:28:16.819558
kater.ai,3,YC OSS Startup Directory,https://www.ycombinator.com/companies/kater-ai,2026-09-04T10:28:16.924583
RetailReady,12,YC OSS Startup Directory,https://www.ycombinator.com/companies/retailready,2026-09-04T10:28:16.907922
Piramidal,10,YC OSS Startup Directory,https://www.ycombinator.com/companies/piramidal,2026-09-04T10:28:16.880357
Elythea,2,YC OSS Startup Directory,https://www.ycombinator.com/companies/elythea,2026-09-04T10:28:13.476357
Million,5,YC OSS Startup Directory,https://www.ycombinator.com/companies/million,2026-09-04T10:28:16.895860
Forge Rewards,5,YC OSS Startup Directory,https://www.ycombinator.com/companies/forge-rewards,2026-09-04T10:28:17.002327
Ultra,4,YC OSS Startup Directory,https://www.ycombinator.com/companies/ultra,2026-09-04T10:28:17.037408
Undermind,,YC OSS Startup Directory,https://www.ycombinator.com/companies/undermind,2026-09-04T10:28:17.047849
Domu Technology Inc.,50,YC OSS Startup Directory,https://www.ycombinator.com/companies/domu-technology-inc,2026-09-04T10:28:17.044842
Tusk,4,YC OSS Startup Directory,https://www.ycombinator.com/companies/tusk,2026-09-04T10:28:14.807613
K-Scale Labs,10,YC OSS Startup Directory,https://www.ycombinator.com/companies/k-scale-labs,2026-09-04T10:28:17.034411
Variant,5,YC OSS Startup Directory,https://www.ycombinator.com/companies/variant,2026-09-04T10:28:17.125546
Retell AI,50,YC OSS Startup Directory,https://www.ycombinator.com/companies/retell-ai,2026-09-04T10:28:16.301207
Apten,6,YC OSS Startup Directory,https://www.ycombinator.com/companies/apten,2026-09-04T10:28:17.063226
Cheers,2,YC OSS Startup Directory,https://www.ycombinator.com/companies/cheers,2026-09-04T10:28:17.147705
InspectMind AI,2,YC OSS Startup Directory,https://www.ycombinator.com/companies/inspectmind-ai,2026-09-04T10:28:16.909928
Doublezero,2,YC OSS Startup Directory,https://www.ycombinator.com/companies/doublezero,2026-09-04T10:28:17.130154
Coval,10,YC OSS Startup Directory,https://www.ycombinator.com/companies/coval,2026-09-04T10:28:17.079160
Ångström AI,5,YC OSS Startup Directory,https://www.ycombinator.com/companies/angstrom-ai,2026-09-04T10:28:17.095604
Mem0,10,YC OSS Startup Directory,https://www.ycombinator.com/companies/mem0,2026-09-04T10:28:17.194334
Superunit,5,YC OSS Startup Directory,https://www.ycombinator.com/companies/superunit,2026-09-04T10:28:17.109380
Brainbase Labs,4,YC OSS Startup Directory,https://www.ycombinator.com/companies/brainbase-labs,2026-09-04T10:28:16.157797
Unsloth AI,8,YC OSS Startup Directory,https://www.ycombinator.com/companies/unsloth-ai,2026-09-04T10:28:17.279651
Evolvere BioSciences,3,YC OSS Startup Directory,https://www.ycombinator.com/companies/evolvere-biosciences,2026-09-04T10:28:16.670471
Understood Care,7,YC OSS Startup Directory,https://www.ycombinator.com/companies/understood-care,2026-09-04T10:28:17.251130
Educato,5,YC OSS Startup Directory,https://www.ycombinator.com/companies/educato,2026-09-04T10:28:17.241765
Saphira AI,7,YC OSS Startup Directory,https://www.ycombinator.com/companies/saphira-ai,2026-09-04T10:28:17.357810
ProhostAI,5,YC OSS Startup Directory,https://www.ycombinator.com/companies/prohostai,2026-09-04T10:28:17.255131
Entangl,15,YC OSS Startup Directory,https://www.ycombinator.com/companies/entangl,2026-09-04T10:28:17.468674
Codes Health,25,YC OSS Startup Directory,https://www.ycombinator.com/companies/codes-health,2026-09-04T10:28:17.464332
Terrakotta,5,YC OSS Startup Directory,https://www.ycombinator.com/companies/terrakotta,2026-09-04T10:28:16.235737
Bayesline,3,YC OSS Startup Directory,https://www.ycombinator.com/companies/bayesline,2026-09-04T10:28:17.346488
FirstWork,9,YC OSS Startup Directory,https://www.ycombinator.com/companies/firstwork,2026-09-04T10:28:17.574321
Wordware,15,YC OSS Startup Directory,https://www.ycombinator.com/companies/wordware,2026-09-04T10:28:17.587506
Stardrift,3,YC OSS Startup Directory,https://www.ycombinator.com/companies/stardrift,2026-09-04T10:28:17.604151
Invaria,3,YC OSS Startup Directory,https://www.ycombinator.com/companies/invaria,2026-09-04T10:28:17.330055
Sorcerer,4,YC OSS Startup Directory,https://www.ycombinator.com/companies/sorcerer,2026-09-04T10:28:17.601642
Forge,6,YC OSS Startup Directory,https://www.ycombinator.com/companies/forge,2026-09-04T10:28:16.771282
NetworkOcean,4,YC OSS Startup Directory,https://www.ycombinator.com/companies/networkocean,2026-09-04T10:28:17.669951
Maitai,6,YC OSS Startup Directory,https://www.ycombinator.com/companies/maitai,2026-09-04T10:28:17.621483
Unbound,7,YC OSS Startup Directory,https://www.ycombinator.com/companies/unbound,2026-09-04T10:28:17.719542
Scape,5,YC OSS Startup Directory,https://www.ycombinator.com/companies/scape,2026-09-04T10:28:17.723550
Decisional AI,3,YC OSS Startup Directory,https://www.ycombinator.com/companies/decisional-ai,2026-09-04T10:28:17.734074
Cloudglue,4,YC OSS Startup Directory,https://www.ycombinator.com/companies/cloudglue,2026-09-04T10:28:17.685002
"DeepSim, Inc.",4,YC OSS Startup Directory,https://www.ycombinator.com/companies/deepsim-inc,2026-09-04T10:28:17.731549
Proxis,3,YC OSS Startup Directory,https://www.ycombinator.com/companies/proxis,2026-09-04T10:28:17.750802
DigitalCarbon,,YC OSS Startup Directory,https://www.ycombinator.com/companies/digitalcarbon,2026-09-04T10:28:17.296660
Storia AI,2,YC OSS Startup Directory,https://www.ycombinator.com/companies/storia-ai,2026-09-04T10:28:17.745518
VectorShift,30,YC OSS Startup Directory,https://www.ycombinator.com/companies/vectorshift,2026-09-04T10:28:17.781881
RunLocal AI,3,YC OSS Startup Directory,https://www.ycombinator.com/companies/runlocal-ai,2026-09-04T10:28:17.811418
Dodo,6,YC OSS Startup Directory,https://www.ycombinator.com/companies/dodo,2026-09-04T10:28:17.782876
Silurian,6,YC OSS Startup Directory,https://www.ycombinator.com/companies/silurian,2026-09-04T10:28:17.832421
Parahelp,11,YC OSS Startup Directory,https://www.ycombinator.com/companies/parahelp,2026-09-04T10:28:17.829419
Elevate,3,YC OSS Startup Directory,https://www.ycombinator.com/companies/elevate-2,2026-09-04T10:28:17.797905
camfer,4,YC OSS Startup Directory,https://www.ycombinator.com/companies/camfer,2026-09-04T10:28:17.874729
CodeViz,2,YC OSS Startup Directory,https://www.ycombinator.com/companies/codeviz,2026-09-04T10:28:17.934068
Gauge,5,YC OSS Startup Directory,https://www.ycombinator.com/companies/gauge,2026-09-04T10:28:17.938599
Tivara,2,YC OSS Startup Directory,https://www.ycombinator.com/companies/tivara,2026-09-04T10:28:17.961945
AutoPallet Robotics,6,YC OSS Startup Directory,https://www.ycombinator.com/companies/autopallet-robotics,2026-09-04T10:28:17.971945
Kenley,6,YC OSS Startup Directory,https://www.ycombinator.com/companies/kenley,2026-09-04T10:28:17.913451
Dench.com,6,YC OSS Startup Directory,https://www.ycombinator.com/companies/dench-com,2026-09-04T10:28:17.964946
Plume,4,YC OSS Startup Directory,https://www.ycombinator.com/companies/plume,2026-09-04T10:28:18.003016
Lore,2,YC OSS Startup Directory,https://www.ycombinator.com/companies/joinlore,2026-09-04T10:28:18.028627
MinusX,2,YC OSS Startup Directory,https://www.ycombinator.com/companies/minusx,2026-09-04T10:28:17.864731
Modus,3,YC OSS Startup Directory,https://www.ycombinator.com/companies/modus,2026-09-04T10:28:18.029626
Fazeshift,8,YC OSS Startup Directory,https://www.ycombinator.com/companies/fazeshift,2026-09-04T10:28:18.083577
LedgerUp,5,YC OSS Startup Directory,https://www.ycombinator.com/companies/ledgerup,2026-09-04T10:28:18.038626
TaxGPT,45,YC OSS Startup Directory,https://www.ycombinator.com/companies/taxgpt,2026-09-04T10:28:18.080579
Benchify,4,YC OSS Startup Directory,https://www.ycombinator.com/companies/benchify,2026-09-04T10:28:18.088659
CreativeMode,5,YC OSS Startup Directory,https://www.ycombinator.com/companies/creativemode,2026-09-04T10:28:18.134353
Lighthouz AI,8,YC OSS Startup Directory,https://www.ycombinator.com/companies/lighthouz-ai,2026-09-04T10:28:18.078581
Conveo,90,YC OSS Startup Directory,https://www.ycombinator.com/companies/conveo,2026-09-04T10:28:18.141360
Anthrogen,6,YC OSS Startup Directory,https://www.ycombinator.com/companies/anthrogen,2026-09-04T10:28:18.122849
cmux,3,YC OSS Startup Directory,https://www.ycombinator.com/companies/cmux,2026-09-04T10:28:18.173869
Alguna,3,YC OSS Startup Directory,https://www.ycombinator.com/companies/aluna,2026-09-04T10:28:18.215978
Panora,1,YC OSS Startup Directory,https://www.ycombinator.com/companies/panora,2026-09-04T10:28:18.185905
Overstand Labs,4,YC OSS Startup Directory,https://www.ycombinator.com/companies/overstand-labs,2026-09-04T10:28:18.220981
Stormy,5,YC OSS Startup Directory,https://www.ycombinator.com/companies/stormy,2026-09-04T10:28:18.024174
Zuni,1,YC OSS Startup Directory,https://www.ycombinator.com/companies/zuni,2026-09-04T10:28:18.258728
Ontra Mobility,2,YC OSS Startup Directory,https://www.ycombinator.com/companies/ontra-mobility,2026-09-04T10:28:18.229980
FINNY AI,35,YC OSS Startup Directory,https://www.ycombinator.com/companies/finny-ai,2026-09-04T10:28:18.274743
MagiCode,3,YC OSS Startup Directory,https://www.ycombinator.com/companies/magicode,2026-09-04T10:28:18.290245
Vibe,2,YC OSS Startup Directory,https://www.ycombinator.com/companies/vibe,2026-09-04T10:28:18.256439
Saturn,18,YC OSS Startup Directory,https://www.ycombinator.com/companies/saturn,2026-09-04T10:28:18.247439
Anara,5,YC OSS Startup Directory,https://www.ycombinator.com/companies/anara,2026-09-04T10:28:18.349138
Drillbit,10,YC OSS Startup Directory,https://www.ycombinator.com/companies/drillbit,2026-09-04T10:28:18.353842
Clearly AI,17,YC OSS Startup Directory,https://www.ycombinator.com/companies/clearly-ai,2026-09-04T10:28:18.319131
Redouble AI,3,YC OSS Startup Directory,https://www.ycombinator.com/companies/redouble-ai,2026-09-04T10:28:18.364842
Sage Care,3,YC OSS Startup Directory,https://www.ycombinator.com/companies/sagecare,2026-09-04T10:28:18.287239
winfunc,2,YC OSS Startup Directory,https://www.ycombinator.com/companies/winfunc,2026-09-04T10:28:18.386514
deepsilicon,2,YC OSS Startup Directory,https://www.ycombinator.com/companies/deepsilicon,2026-09-04T10:28:18.425221
Opslane,1,YC OSS Startup Directory,https://www.ycombinator.com/companies/opslane,2026-09-04T10:28:18.437150
Remade,4,YC OSS Startup Directory,https://www.ycombinator.com/companies/remade,2026-09-04T10:28:18.453150
Piggy Robotics,5,YC OSS Startup Directory,https://www.ycombinator.com/companies/piggy-robotics,2026-09-04T10:28:18.466158
Seals AI,4,YC OSS Startup Directory,https://www.ycombinator.com/companies/seals-ai,2026-09-04T10:28:18.443157
Conductor Quantum,4,YC OSS Startup Directory,https://www.ycombinator.com/companies/conductor-quantum,2026-09-04T10:28:18.470155
ideate.xyz,2,YC OSS Startup Directory,https://www.ycombinator.com/companies/ideate-xyz,2026-09-04T10:28:17.625481
Mage Legal,2,YC OSS Startup Directory,https://www.ycombinator.com/companies/mage-legal,2026-09-04T10:28:18.445151
Emergent,,YC OSS Startup Directory,https://www.ycombinator.com/companies/emergent,2026-09-04T10:28:18.501111
Kura AI,2,YC OSS Startup Directory,https://www.ycombinator.com/companies/kura-ai,2026-09-04T10:28:18.524851
Thunder Compute,9,YC OSS Startup Directory,https://www.ycombinator.com/companies/thunder-compute,2026-09-04T10:28:18.553710
Parley,3,YC OSS Startup Directory,https://www.ycombinator.com/companies/parley,2026-09-04T10:28:18.537709
Soff,6,YC OSS Startup Directory,https://www.ycombinator.com/companies/soff,2026-09-04T10:28:18.559725
Brighterway,14,YC OSS Startup Directory,https://www.ycombinator.com/companies/brighterway,2026-09-04T10:28:18.582906
Planbase,6,YC OSS Startup Directory,https://www.ycombinator.com/companies/planbase,2026-09-04T10:28:18.302245
Zettascale,2,YC OSS Startup Directory,https://www.ycombinator.com/companies/zettascale,2026-09-04T10:28:18.578907
Presti AI,16,YC OSS Startup Directory,https://www.ycombinator.com/companies/presti-ai,2026-09-04T10:28:18.598911
Praxos,3,YC OSS Startup Directory,https://www.ycombinator.com/companies/praxos,2026-09-04T10:28:18.648741
The Forecasting Company,7,YC OSS Startup Directory,https://www.ycombinator.com/companies/the-forecasting-company,2026-09-04T10:28:18.655744
Sensei,2,YC OSS Startup Directory,https://www.ycombinator.com/companies/sensei,2026-09-04T10:28:18.651741
Zoa Research,5,YC OSS Startup Directory,https://www.ycombinator.com/companies/zoa-research,2026-09-04T10:28:18.284238
Laminar,6,YC OSS Startup Directory,https://www.ycombinator.com/companies/laminar,2026-09-04T10:28:18.669198
Zeit AI,12,YC OSS Startup Directory,https://www.ycombinator.com/companies/zeit-ai,2026-09-04T10:28:18.497083
Simple AI,11,YC OSS Startup Directory,https://www.ycombinator.com/companies/simple-ai,2026-09-04T10:28:18.702270
Tower,3,YC OSS Startup Directory,https://www.ycombinator.com/companies/tower,2026-09-04T10:28:16.786715
Mito Health,5,YC OSS Startup Directory,https://www.ycombinator.com/companies/mito-health,2026-09-04T10:28:18.280240
Random Labs,,YC OSS Startup Directory,https://www.ycombinator.com/companies/random-labs,2026-09-04T10:28:17.299721
Magicflow 𐂂,2,YC OSS Startup Directory,https://www.ycombinator.com/companies/magicflow,2026-09-04T10:28:18.898784
Corgi Insurance,250,YC OSS Startup Directory,https://www.ycombinator.com/companies/corgi-insurance,2026-09-04T10:28:17.365730
VoxOps AI,6,YC OSS Startup Directory,https://www.ycombinator.com/companies/voxops-ai,2026-09-04T10:28:19.010926
VideoGen,6,YC OSS Startup Directory,https://www.ycombinator.com/companies/videogen,2026-09-04T10:28:17.379741
Distro,11,YC OSS Startup Directory,https://www.ycombinator.com/companies/distro,2026-09-04T10:28:19.114132
Dragoneye,2,YC OSS Startup Directory,https://www.ycombinator.com/companies/dragoneye,2026-09-04T10:28:19.219220
Integuru,5,YC OSS Startup Directory,https://www.ycombinator.com/companies/integuru,2026-09-04T10:28:19.324611
Tekton Dynamics,3,YC OSS Startup Directory,https://www.ycombinator.com/companies/tekton-dynamics,2026-09-04T10:28:14.103525
Inventive AI,15,YC OSS Startup Directory,https://www.ycombinator.com/companies/inventive-ai,2026-09-04T10:28:13.212817
Willow,7,YC OSS Startup Directory,https://www.ycombinator.com/companies/willow,2026-09-04T10:28:19.648095
Shape,3,YC OSS Startup Directory,https://www.ycombinator.com/companies/sharpe,2026-09-04T10:28:19.754608
Marr Labs,9,YC OSS Startup Directory,https://www.ycombinator.com/companies/marr-labs,2026-09-04T10:28:16.953346
